date,hosp_census_5_current,hosp_census_95_current,hosp_census_median_current,vent_census_5_current,vent_census_95_current,vent_census_median_current,hosp_admits_5_current,hosp_admits_95_current,hosp_admits_median_current,vent_admits_5_current,vent_admits_95_current,vent_admits_median_current,hosp_census_5_reduction_20,hosp_census_95_reduction_20,hosp_census_median_reduction_20,vent_census_5_reduction_20,vent_census_95_reduction_20,vent_census_median_reduction_20,hosp_admits_5_reduction_20,hosp_admits_95_reduction_20,hosp_admits_median_reduction_20,vent_admits_5_reduction_20,vent_admits_95_reduction_20,vent_admits_median_reduction_20,hosp_census_observed,vent_census_observed,hosp_admits_observed,vent_admits_observed
2020-03-17,0,2,0,0,1,0,0,2,0,0,1,0,0,2,0,0,1,0,0,2,0,0,1,0,4,,,
2020-03-18,0,2.78436301,0.924624682,0,1,0,0,2,0,0,1,0,0,2.829310323,0.925168581,0,1,0,0,2,0,0,1,0,3,,,
2020-03-19,0,3.632203891,1,0,1.756639434,0,0,2,0,0,1,0,0,3.640891161,1,0,1.752232568,0,0,2,0,0,1,0,7,,,
2020-03-20,0,4.49286882,1.797329277,0,2,0.601748534,0,2,0,0,1,0,0,4.503716673,1.797261678,0,2,0.593050714,0,2,0,0,1,0,11,,,
2020-03-21,0,5.454457862,2.52823045,0,2.416038809,0.723511796,0,3,1,0,1,0,0,5.425718922,2.540747636,0,2.4287625,0.72330971,0,3,1,0,1,0,11,,,
2020-03-22,0.808442151,6.690745124,3.287685941,0,2.780193146,0.866269753,0,3,1,0,1,0,0.807606598,6.667154793,3.302677343,0,2.760535128,0.862129699,0,3,1,0,1,0,14,,,
2020-03-23,1.418486852,8.12492339,4.183035818,0,3.262245928,1.054694445,0,3,1,0,2,0,1.408553848,8.04220176,4.197691704,0,3.253338809,1.015012349,0,3,1,0,2,0,18,,,
2020-03-24,1.968612666,9.825854306,5.282004084,0,3.78307357,1.476182938,0,4,1,0,2,0,2,9.797120862,5.289042275,0,3.77162658,1.485546299,0,4,1,0,2,0,19,,,
2020-03-25,2.956657637,11.85163333,6.627893888,0,4.435914471,1.853666981,0,4,2,0,2,0,2.917799367,11.9072863,6.665243049,0,4.426599133,1.851497576,0,4,2,0,2,0,22,,,
2020-03-26,4.04367995,14.23496561,8.205614979,0.426848074,5.153149165,2.305072286,0,5,2,0,2,1,4.054114859,14.27210396,8.250782607,0.405813979,5.201987667,2.302229968,0,5,2,0,2,1,24,,3,
2020-03-27,5.409884966,16.99915381,10.11078075,0.720642515,6.023691915,2.832134911,0,6,2,0,3,1,5.427515656,17.09810888,10.12131638,0.720281414,6.020084399,2.831524768,0,6,2,0,3,1,27,,3,
2020-03-28,7.101029735,20.11401312,12.30937133,1.014369165,6.906935971,3.458892113,0,6,3,0,3,1,7.123636117,20.26365487,12.39376934,1.045718071,6.939428128,3.467039086,0,6,3,0,3,1,26,,4,
2020-03-29,9.118525889,23.53961473,14.94424736,1.497626298,7.911813409,4.180976729,1,7,3,0,3,1,9.119870546,23.73931164,15.02289237,1.509036588,7.900819935,4.177348889,1,7,3,0,3,1,32,3,1,
2020-03-30,11.58989584,27.17158161,18.04622406,2.073557801,8.987127201,5.015252457,1,8,4,0,4,1,11.5438357,27.30849428,18.12363838,2.060961564,8.959354598,5.020837562,1,8,4,0,4,1,31,3,2,
2020-03-31,14.41869429,31.11258013,21.57341953,2.740494766,10.17602035,5.970799975,2,9,5,0,4,1,14.45659312,31.10022176,21.66530752,2.784352371,10.10134407,5.987522121,2,9,5,0,4,1,34,4,3,
2020-04-01,17.75403138,35.31744772,25.64204991,3.499070579,11.42732326,7.051849259,2,10,5,0,4,2,17.78482006,35.22520457,25.69557845,3.542346664,11.40785677,7.038922676,2,10,5,0,4,2,33,6,2,
2020-04-02,21.65029163,39.85417664,30.07416529,4.421153108,12.70531017,8.21245986,2,11,6,0,5,2,21.66296792,39.87899774,30.11074263,4.433315097,12.81947727,8.172739796,2,11,6,0,5,2,34,8,1,
2020-04-03,25.73253415,44.73332776,34.79000528,5.338202987,14.18339084,9.394960768,3,12,7,0,5,2,25.75736867,44.81664277,34.79473584,5.349956908,14.19364871,9.401269584,3,12,7,0,5,2,37,9,5,
2020-04-04,30.00849482,49.83939093,39.38493469,6.31600237,15.58186132,10.54582218,3,12,7,0,5,2,30.00596203,49.82358659,39.4565619,6.321380788,15.60724409,10.55513972,3,12,7,0,5,2,42,14,9,
2020-04-05,33.90069919,54.78030826,43.77052213,7.125379466,16.7162369,11.57351462,3,12,7,0,5,2,33.95014179,54.71146179,43.76324268,7.129620256,16.83904278,11.53362605,3,12,7,0,5,2,43,13,3,
2020-04-06,37.23185141,59.04707739,47.56310873,7.73910087,17.72038901,12.36516445,3,12,7,0,5,2,37.26450216,58.96793932,47.59696977,7.755852158,17.77218938,12.31998908,3,12,7,0,5,2,44,13,1,
2020-04-07,39.95017135,62.4049383,50.76047133,8.219675471,18.27630146,12.88567721,3,11,6,0,5,2,40.00941862,62.34331698,50.75876782,8.2340389,18.29446474,12.8911403,2.55,11,7,0,5,2,45,10,3,
2020-04-08,42.05756169,64.92850737,53.19811256,8.514121094,18.52778146,13.19817101,2,11,6,0,5,2,42.15872773,64.87625676,53.28737837,8.498174152,18.62627918,13.2647829,2,11,6,0,5,2,44,13,3,
2020-04-09,43.84455665,66.87525371,55.0953923,8.696192256,18.68975755,13.3624436,2,10,6,0,5,2,43.82520726,66.88209212,55.2201093,8.702127885,18.78139959,13.42391961,2,10,6,0,5,2,47,17,5,
2020-04-10,45.27287918,68.2542196,56.54674023,8.76482825,18.59170135,13.39619113,2,10,5,0,4,2,45.2966238,68.29865203,56.61253277,8.79800384,18.63266514,13.43629178,2,10,5,0,4,2,49,18,3,
2020-04-11,46.46334587,69.24760815,57.58648965,8.806845775,18.43411381,13.30249043,2,9,5,0,4,2,46.478615,69.18159728,57.56936094,8.839609405,18.40721808,13.3600405,2,9,5,0,4,2,53,14,2,
2020-04-12,47.38737876,69.78823138,58.28424643,8.779243534,18.12753367,13.18016355,2,9,5,0,4,2,47.3251385,69.84242278,58.37721225,8.832052723,18.16207,13.19869865,2,9,5,0,4,2,49,18,2,
2020-04-13,48.08946316,70.0814875,58.7174351,8.661785177,17.85000316,13.00930244,2,9,5,0,4,1,48.06094047,70.12096434,58.7928467,8.735366473,17.83823515,12.9894256,1,9,5,0,4,1,51,18,1,
2020-04-14,48.46092117,70.1519225,58.89523534,8.550665754,17.48490276,12.74533574,1,8,4,0,4,1,48.43400173,70.17032514,59.03895118,8.606541019,17.52917355,12.76088346,1,8,4,0,4,1,50,13,6,
2020-04-15,48.63353806,69.92437983,58.98722148,8.366763911,17.1221918,12.4728872,1,8,4,0,4,1,48.70070595,69.89127091,59.0136549,8.438275439,17.08061138,12.48443838,1,8,4,0,4,1,50,13,2,
2020-04-16,48.77742832,69.63900304,58.84333859,8.253490316,16.75022273,12.14750065,1,8,4,0,4,1,48.7267998,69.57322735,58.8521217,8.286994466,16.71843498,12.17027467,1,8,4,0,4,1,52,11,2,
2020-04-17,48.64892367,69.16956809,58.51232694,8.009293796,16.30890347,11.85819603,1,8,4,0,4,1,48.76241187,69.12027823,58.60675248,8.033544375,16.27342764,11.88961828,1,8,4,0,4,1,50,11,2,
2020-04-18,48.47266102,68.60355961,58.11603885,7.802887967,15.93260107,11.56660364,1,8,4,0,4,1,48.51280198,68.53098646,58.17093044,7.808734728,15.89036875,11.55861492,1,8,4,0,4,1,47,10,1,
2020-04-19,48.06099706,67.89177276,57.64107358,7.594518338,15.53278834,11.24076444,1,7,4,0,3,1,48.14665255,67.81241254,57.67601595,7.591514658,15.49938052,11.25133073,1,7,4,0,3,1,48,9,2,
2020-04-20,47.55612662,67.07649835,57.06238823,7.39538457,15.18995504,10.91811665,1,7,3,0,3,1,47.7597526,67.14756794,57.06215067,7.311133121,15.12390286,10.93830197,1,7,4,0,3,1,46,10,2,
2020-04-21,46.97577536,66.21250613,56.36289092,7.103944152,14.73059395,10.60367756,1,7,3,0,3,1,47.14035084,66.22192616,56.3924539,7.118671468,14.71214351,10.63594418,1,7,3,0,3,1,44,9,2,
2020-04-22,46.32701525,65.29086213,55.54957626,6.882663373,14.34482165,10.27888818,1,7,3,0,3,1,46.39001481,65.37952866,55.56039951,6.84777727,14.35145981,10.31898437,1,7,3,0,3,1,45,7,2,
2020-04-23,45.59287819,64.47523886,54.74441359,6.600997336,13.95374896,9.965395884,1,7,3,0,3,1,45.67919214,64.40427482,54.75937109,6.608803248,13.97119518,9.992851911,1,7,3,0,3,1,48,8,4,
2020-04-24,44.77046154,63.54615406,53.82283609,6.392461793,13.63715875,9.666693954,1,6,3,0,3,1,44.96478292,63.50707472,53.86036112,6.395611486,13.64175062,9.659320828,1,6,3,0,3,1,48,8,7,
2020-04-25,43.94837471,62.49812535,52.91517072,6.14414182,13.24260867,9.376339465,1,6,3,0,3,1,43.94990354,62.51906291,52.91847657,6.13352468,13.28451517,9.372745728,1,6,3,0,3,1,48,8,4,
2020-04-26,42.9845909,61.49027611,51.91767297,5.878135768,12.90078598,9.05115611,0,6,3,0,3,1,43.08246395,61.51629263,51.93884631,5.914981577,12.91759324,9.054495057,0,6,3,0,3,1,50,5,4,
2020-04-27,42.08073143,60.41470371,50.89450289,5.677693847,12.50596495,8.739409059,0,6,3,0,3,1,42.20552605,60.4726293,50.85442947,5.656080644,12.55888837,8.750566847,0,6,3,0,3,1,55,7,6,
2020-04-28,41.14133984,59.31881644,49.82417799,5.43683459,12.19055341,8.459868604,0,6,3,0,3,1,41.2482864,59.3771891,49.82545301,5.434573013,12.23241329,8.493541969,0,6,3,0,3,1,60,9,6,
2020-04-29,40.08147618,58.31604677,48.76497712,5.191968186,11.84707274,8.194366393,0,6,2,0,3,1,40.21913299,58.24343144,48.79513167,5.178883253,11.89772742,8.200223145,0,6,2,0,3,1,61,8,5,
2020-04-30,39.2300629,57.21675476,47.63421648,5.013435314,11.54182938,7.897311347,0,5,2,0,3,1,39.22062858,57.16514845,47.64015613,4.979189595,11.54810575,7.895859551,0,5,2,0,3,1,55,9,2,
2020-05-01,38.28351671,56.1189381,46.53436954,4.79689416,11.2361362,7.629632624,0,5,2,0,3,1,38.32041085,55.99151737,46.56979843,4.747573672,11.19976549,7.627196272,0,5,2,0,3,1,56,8,4,
2020-05-02,37.20002227,55.0637195,45.42182775,4.56789386,10.91973919,7.348135706,0,5,2,0,3,1,37.22772131,54.98773529,45.43687902,4.563591007,10.87195808,7.378393806,0,5,2,0,3,1,56,9,3,
2020-05-03,36.14933339,53.93091465,44.29032132,4.382435654,10.56084258,7.103360869,0,5,2,0,2,1,36.26845054,53.89847096,44.34458783,4.366236379,10.59388844,7.106736522,0,5,2,0,3,1,51,8,4,
2020-05-04,35.14786115,52.86960538,43.19873801,4.16650868,10.29504217,6.834462283,0,5,2,0,2,1,35.1708002,52.73750149,43.19681205,4.171416053,10.26698479,6.850491653,0,5,2,0,2,1,52,8,8,
2020-05-05,34.2596918,51.63634362,42.09906102,3.983663825,10.00193414,6.596372776,0,5,2,0,2,1,34.16210807,51.55315265,42.06471632,3.973999306,9.984594553,6.608269525,0,5,2,0,2,1,50,8,2,
2020-05-06,33.14318929,50.39159892,40.99860136,3.776366847,9.686349694,6.358178551,0,5,2,0,2,1,33.14167774,50.49071521,40.9447029,3.772137315,9.696706726,6.366712064,0,5,2,0,2,1,51,9,5,
2020-05-07,32.19398249,49.2830056,39.85314154,3.627447875,9.383285321,6.128612084,0,5,2,0,2,0,32.119767,49.29591315,39.81057492,3.594328143,9.431492185,6.136537965,0,5,2,0,2,0,53,9,3,
2020-05-08,31.20270468,47.96056796,38.77971322,3.42045079,9.145396283,5.913490611,0,4,2,0,2,0,31.17454237,48.16609465,38.70620434,3.428235223,9.149415164,5.911210097,0,4,2,0,2,0,53,7,4,
2020-05-09,30.21905746,46.72665494,37.68834244,3.252287166,8.831094263,5.690995169,0,4,2,0,2,0,30.20358392,47.08389038,37.66629053,3.262694067,8.908886001,5.698224308,0,4,2,0,2,0,51,7,5,
2020-05-10,29.27660126,45.63965345,36.659159,3.115408592,8.546656641,5.48410986,0,4,2,0,2,0,29.2366325,45.86025045,36.58726008,3.103079192,8.625583609,5.501248134,0,4,2,0,2,0,52,6,1,
2020-05-11,28.38476351,44.52969745,35.58278143,2.950923333,8.296061128,5.29184513,0,4,2,0,2,0,28.32126421,44.67016096,35.53830848,2.945589701,8.340675856,5.285780788,0,4,2,0,2,0,51,4,2,
2020-05-12,27.43999188,43.54067465,34.54790326,2.808423555,8.064247965,5.092156898,0,4,1,0,2,0,27.35423911,43.52111872,34.51344101,2.80375082,8.099235186,5.088869244,0,4,1,0,2,0,51,5,4,
2020-05-13,26.52433922,42.37543043,33.52721304,2.687142997,7.838651434,4.890091316,0,4,1,0,2,0,26.50438448,42.41909141,33.49884584,2.670175101,7.855255733,4.912074052,0,4,1,0,2,0,47,5,0,
2020-05-14,25.64148863,41.27724521,32.50749216,2.5457328,7.587249014,4.706221667,0,4,1,0,2,0,25.62867277,41.16369706,32.48677461,2.548607331,7.641568328,4.720386937,0,4,1,0,2,0,45,3,4,
2020-05-15,24.84677502,40.12332757,31.52412761,2.405442774,7.362392951,4.526893822,0,4,1,0,2,0,24.704507,40.04122615,31.5191649,2.39357098,7.400095685,4.556249612,0,4,1,0,2,0,44,3,2,
2020-05-16,23.96166423,39.04778784,30.55894572,2.282327035,7.143305523,4.361083042,0,4,1,0,2,0,23.91051677,39.03751028,30.54964851,2.265442664,7.149180616,4.363873224,0,4,1,0,2,0,42,3,2,
2020-05-17,23.17642135,37.93730334,29.62100299,2.158583518,6.926297684,4.201311653,0,3,1,0,2,0,23.12941765,37.98495811,29.60726032,2.16819793,6.908931036,4.211726249,0,4,1,0,2,0,42,2,1,
2020-05-18,22.37885765,36.82523193,28.71080282,2.049236403,6.732250573,4.048391075,0,3,1,0,2,0,22.30234244,36.88449276,28.69355372,2.06152031,6.709403492,4.035884719,0,3,1,0,2,0,43,2,1,
2020-05-19,21.63149763,35.77313918,27.8425771,1.942930433,6.55945042,3.893131499,0,3,1,0,2,0,21.52351989,35.79896523,27.79775495,1.949239613,6.494729948,3.876091229,0,3,1,0,2,0,40,2,2,
2020-05-20,20.86126943,34.80141659,26.92921467,1.829987747,6.382682815,3.751300436,0,3,1,0,2,0,20.73080606,34.73044203,26.93780082,1.82861369,6.305478772,3.737874709,0,3,1,0,2,0,41,2,3,
2020-05-21,20.12129252,33.85044703,26.09549619,1.734708984,6.191254742,3.614075544,0,3,1,0,2,0,20.01401398,33.76605244,26.09204039,1.724700694,6.158818964,3.58907942,0,3,1,0,2,0,38,2,2,
2020-05-22,19.37114799,32.86611188,25.24616698,1.637766914,5.995168794,3.458966515,0,3,1,0,2,0,19.31444137,32.76183853,25.26802437,1.622627961,5.98107325,3.465454642,0,3,1,0,2,0,36,2,2,
2020-05-23,18.64413421,31.84609078,24.46721264,1.565792403,5.822594805,3.329895822,0,3,1,0,2,0,18.63504483,31.83784444,24.42859989,1.546285131,5.7991131,3.343670305,0,3,1,0,2,0,35,0,0,
2020-05-24,18.03530633,30.93275695,23.6261968,1.477875812,5.630718614,3.20806614,0,3,1,0,2,0,17.93852099,30.88060084,23.62687598,1.460826474,5.640514356,3.216515638,0,3,1,0,2,0,36,1,1,
2020-05-25,17.35776531,29.99186373,22.85371198,1.394997878,5.495018328,3.085563929,0,3,1,0,1,0,17.26768057,29.94367366,22.8618432,1.367729251,5.458782876,3.091994735,0,3,1,0,1,0,35,1,0,
2020-05-26,16.68879613,29.07974159,22.10639428,1.305425449,5.303095859,2.957105734,0,3,1,0,1,0,16.66554778,29.07928447,22.10231823,1.279704878,5.290659106,2.962147898,0,3,1,0,1,0,35,1,0,
2020-05-27,16.05141054,28.19675159,21.3978252,1.22812463,5.165517018,2.852492261,0,3,1,0,1,0,16.01200336,28.12584597,21.39853934,1.200966559,5.129303585,2.844322321,0,3,1,0,1,0,33,1,0,
2020-05-28,15.43926034,27.32977757,20.70642842,1.157782193,4.999850894,2.748680564,0,3,1,0,1,0,15.35240222,27.3478604,20.67445731,1.120022128,5.010307744,2.723312912,0,3,1,0,1,0,31,0,2,
2020-05-29,14.86931736,26.46741296,20.01220483,1.088899841,4.85909786,2.643406619,0,3,1,0,1,0,14.78588598,26.44842696,19.97630516,1.055121356,4.86313263,2.62632018,0,3,1,0,1,0,32,0,4,
2020-05-30,14.29285447,25.66129014,19.35131235,1.023830542,4.728090046,2.549009274,0,3,1,0,1,0,14.23816256,25.60817735,19.3096796,1.003947825,4.713678675,2.518470251,0,3,1,0,1,0,31,0,2,
2020-05-31,13.74570336,24.87682838,18.68091978,0.958523115,4.586926818,2.441943661,0,2,1,0,1,0,13.66464962,24.8092763,18.65413733,0.94755579,4.592731604,2.420676425,0,2,1,0,1,0,34,1,3,
2020-06-01,13.19961268,24.09440755,18.06908197,0.897089155,4.43408333,2.340147937,0,2,1,0,1,0,13.08894621,24.02186349,18.05888914,0.89940302,4.452286437,2.32485434,0,2,1,0,1,0,31,0,0,
2020-06-02,12.67941443,23.34879491,17.4668396,0.839797705,4.321978153,2.251757384,0,2,1,0,1,0,12.61282431,23.24676096,17.44626781,0.836410916,4.311473026,2.234807629,0,2,1,0,1,0,26,0,1,
2020-06-03,12.20665379,22.6229084,16.87181204,0.779729344,4.197359539,2.155116618,0,2,1,0,1,0,12.10436625,22.54351098,16.83537134,0.776530716,4.184247616,2.155178293,0,2,1,0,1,0,22,0,2,
2020-06-04,11.73619227,21.88200068,16.29622855,0.728017172,4.062787399,2.076925729,0,2,0,0,1,0,11.64180452,21.85161833,16.25557679,0.721355515,4.092245611,2.065338921,0,2,0,0,1,0,20,0,1,
2020-06-05,11.26947121,21.17175917,15.71016356,0.678959329,3.94759591,2.001712943,0,2,0,0,1,0,11.19773414,21.17137848,15.6958546,0.66958313,3.955413221,1.983938304,0,2,0,0,1,0,21,0,1,
2020-06-06,10.79469781,20.4953838,15.16900343,0.631582756,3.838505863,1.913315522,0,2,0,0,1,0,10.76479333,20.53806168,15.15199263,0.627380485,3.852502387,1.897706392,0,2,0,0,1,0,21,0,0,
2020-06-07,10.3707439,19.84611516,14.65177743,0.585791007,3.744806653,1.836446061,0,2,0,0,1,0,10.27076396,19.8434214,14.65042304,0.587640896,3.718844531,1.817681216,0,2,0,0,1,0,20,0,2,
2020-06-08,9.95372307,19.25003692,14.15944961,0.546846741,3.654325299,1.759933891,0,2,0,0,1,0,9.877717035,19.27011789,14.11955258,0.545848863,3.627266325,1.749628099,0,2,0,0,1,0,19,0,0,
2020-06-09,9.540620619,18.61897435,13.65481324,0.516226687,3.524435588,1.695391154,0,2,0,0,1,0,9.466162482,18.65336074,13.63750456,0.505979906,3.550806717,1.683564791,0,2,0,0,1,0,18,0,2,
2020-06-10,9.129506625,18.11437743,13.17948134,0.478493791,3.482217785,1.622939314,0,2,0,0,1,0,9.119855219,18.02380219,13.15721832,0.474026399,3.460567311,1.609710172,0,2,0,0,1,0,17,0,1,
2020-06-11,8.7573254,17.51529776,12.71850822,0.447553627,3.348654288,1.553590549,0,2,0,0,1,0,8.750692091,17.44603953,12.71633668,0.434204717,3.352425792,1.544304512,0,2,0,0,1,0,16,0,0,
2020-06-12,8.41740712,16.95078631,12.27157283,0.417736983,3.275100996,1.494952779,0,2,0,0,1,0,8.389420378,16.88359133,12.27205308,0.402488494,3.250449652,1.485901106,0,2,0,0,1,0,16,0,2,
2020-06-13,8.049340526,16.38045768,11.85391096,0.387647024,3.166817812,1.433348351,0,2,0,0,1,0,8.031204532,16.33755523,11.84323843,0.371688424,3.179344433,1.428089186,0,2,0,0,1,0,16,0,0,
2020-06-14,7.732047673,15.9070938,11.419665,0.35627032,3.109474585,1.384503443,0,2,0,0,1,0,7.675615607,15.84671308,11.41997089,0.345661205,3.073130324,1.375114159,0,2,0,0,1,0,16,0,2,
2020-06-15,7.390749135,15.42696073,11.01915921,0.323392577,3.012372285,1.329995693,0,2,0,0,1,0,7.374382317,15.33455153,11.02009013,0.319946042,2.996548018,1.323582923,0,2,0,0,1,0,14,0,0,
2020-06-16,7.068379645,14.94034092,10.62147259,0.299881714,2.935121309,1.268181623,0,2,0,0,1,0,7.062642551,14.86377523,10.64026332,0.296429673,2.92219408,1.274957276,0,2,0,0,1,0,14,0,1,
2020-06-17,6.761430216,14.42577468,10.23790092,0.273598943,2.872016051,1.204045521,0,2,0,0,1,0,6.777298667,14.39596445,10.25086887,0.271202577,2.852491242,1.220045331,0,2,0,0,1,0,6,0,0,
2020-06-18,6.459740305,13.95237849,9.853355775,0.251391278,2.786738695,1.151752459,0,2,0,0,1,0,6.512222663,13.96577507,9.860412822,0.247839778,2.760389984,1.164098523,0,2,0,0,1,0,6,1,2,
2020-06-19,6.180379965,13.49020153,9.499185851,0.230202027,2.700002608,1.095182237,0,2,0,0,1,0,6.226312383,13.5202679,9.510021573,0.229878013,2.727901726,1.113527627,0,2,0,0,1,0,5,1,0,
2020-06-20,5.908282018,13.07625149,9.168986366,0.210538318,2.630865292,1.055501492,0,2,0,0,1,0,5.964985091,13.1323975,9.176289782,0.210403587,2.663615929,1.070000771,0,2,0,0,1,0,5,1,1,
2020-06-21,5.65281717,12.69452867,8.824207267,0.19430702,2.549004921,1.01505288,0,2,0,0,1,0,5.690707911,12.6852802,8.842980534,0.194572926,2.573297468,1.020289514,0,2,0,0,1,0,4,1,0,
2020-06-22,5.408505906,12.27130399,8.520425474,0.176415641,2.455888318,0.966393743,0,1,0,0,1,0,5.437872467,12.2972289,8.510112546,0.177688454,2.507652393,0.976600332,0,1,0,0,1,0,1,,,
2020-06-23,5.168692877,11.90604417,8.199229111,0.162967636,2.406509538,0.928868552,0,1,0,0,1,0,5.189463246,11.90441885,8.191973867,0.162572449,2.439092602,0.93310527,0,1,0,0,1,0,1,,,
2020-06-24,4.948141819,11.53413655,7.895138826,0.148441731,2.329688913,0.884975134,0,1,0,0,1,0,4.982927562,11.53515455,7.896752408,0.150166767,2.362305279,0.889868679,0,1,0,0,1,0,2,,,
2020-06-25,4.722316509,11.13608299,7.62764502,0.13509676,2.28375688,0.848405691,0,1,0,0,1,0,4.747315552,11.15214262,7.609290172,0.137381294,2.304789489,0.857733908,0,1,0,0,1,0,2,,,
2020-06-26,4.53100924,10.80899401,7.34628412,0.122071994,2.223655373,0.81172738,0,1,0,0,1,0,4.535980543,10.80250322,7.327719728,0.124968618,2.247787268,0.821288606,0,1,0,0,1,0,2,,,
2020-06-27,4.343534168,10.48102765,7.068890492,0.110459291,2.173051326,0.775693198,0,1,0,0,1,0,4.329677303,10.49067589,7.066258812,0.113596982,2.209800662,0.785622067,0,1,0,0,1,0,1,,,
2020-06-28,4.126308984,10.15821331,6.806825775,0.101053813,2.141027999,0.740176939,0,1,0,0,1,0,4.134757285,10.15766872,6.799615912,0.102293769,2.151856716,0.743825467,0,1,0,0,1,0,1,,,
2020-06-29,3.916133602,9.818182603,6.555351717,0.091105847,2.084847126,0.699717258,0,1,0,0,1,0,3.934372313,9.832998689,6.547026452,0.091646994,2.084354712,0.707638099,0,1,0,0,1,0,3,,,
2020-06-30,3.759862438,9.543848799,6.309464273,0.083361727,2.035719777,0.667744722,0,1,0,0,1,0,3.762771513,9.498874384,6.30471859,0.083657273,2.024698931,0.673131741,0,1,0,0,1,0,3,,,
2020-07-01,3.598165928,9.245440456,6.072557919,0.076007539,1.977224215,0.6369318,0,1,0,0,1,0,3.606822456,9.20206678,6.063261994,0.076026885,1.965561588,0.641770109,0,1,0,0,1,0,3,,,
2020-07-02,3.43216303,8.999256386,5.848805397,0.068174851,1.939269318,0.606741784,0,1,0,0,1,0,3.438607908,8.91815313,5.84913605,0.068723673,1.92656905,0.610022317,0,1,0,0,1,0,3,,,
2020-07-03,3.272415556,8.696825501,5.62681589,0.061700483,1.887797713,0.579642034,0,1,0,0,1,0,3.286634822,8.670081123,5.63640707,0.06286274,1.878444092,0.584995277,0,1,0,0,1,0,3,,,
2020-07-04,3.117212101,8.424656753,5.425762815,0.055619201,1.845907294,0.551874835,0,1,0,0,1,0,3.138862052,8.427515818,5.422445487,0.05646175,1.855920983,0.556667394,0,1,0,0,1,0,3,,,
2020-07-05,2.976133793,8.152200779,5.232285723,0.049774811,1.805572745,0.524165012,0,1,0,0,1,0,2.986905771,8.166648675,5.219827501,0.051013776,1.79454259,0.529031892,0,1,0,0,1,0,3,,,
2020-07-06,2.82558782,7.940080742,5.033846933,0.044972638,1.769466565,0.495044589,0,1,0,0,1,0,2.851061179,7.89498339,5.026070642,0.045940607,1.749821254,0.500375731,0,1,0,0,1,0,2,,,
2020-07-07,2.694338315,7.70507431,4.837751146,0.040276688,1.725011725,0.469756164,0,1,0,0,1,0,2.705676715,7.658361076,4.838807737,0.042032082,1.711717848,0.475177753,0,1,0,0,1,0,,,,
2020-07-08,2.581637249,7.477232819,4.657578752,0.036108623,1.676707976,0.4456066,0,1,0,0,1,0,2.565409617,7.425647324,4.658971836,0.037466017,1.670962442,0.449560011,0,1,0,0,1,0,,,,
2020-07-09,2.459288994,7.260229833,4.469598804,0.032625306,1.629384055,0.42185439,0,1,0,0,1,0,2.438558399,7.229044972,4.484661036,0.033291948,1.629590912,0.423219631,0,1,0,0,1,0,,,,
2020-07-10,2.330778676,7.004277626,4.308790807,0.02920807,1.615411055,0.400197614,0,1,0,0,1,0,2.326828513,7.01006368,4.312250075,0.029918466,1.584963398,0.396146444,0,1,0,0,1,0,,,,
2020-07-11,2.213035094,6.803840712,4.156505224,0.02593301,1.568241948,0.378517806,0,1,0,0,1,0,2.210867887,6.81548198,4.150220712,0.026652952,1.550501793,0.369637523,0,1,0,0,1,0,,,,
2020-07-12,2.110733981,6.590805993,4.00379672,0.023074229,1.529251346,0.356068852,0,1,0,0,1,0,2.097647191,6.620915843,4.001645814,0.023752444,1.534393734,0.34687691,0,1,0,0,1,0,,,,
2020-07-13,1.999108983,6.413969044,3.844079051,0.020656011,1.476665435,0.333670222,0,1,0,0,0,0,1.992452866,6.431201837,3.853535173,0.021147321,1.499245565,0.32980462,0,1,0,0,1,0,,,,
2020-07-14,1.897912612,6.1884718,3.701704824,0.01831804,1.435794756,0.314079959,0,1,0,0,0,0,1.890460062,6.225340033,3.711278871,0.018869766,1.474560784,0.313151782,0,1,0,0,1,0,,,,
2020-07-15,1.805955624,6.011398087,3.569423998,0.016457073,1.410478761,0.297044094,0,1,0,0,0,0,1.802350882,6.063552334,3.571564112,0.016903991,1.429922417,0.294073537,0,1,0,0,0,0,,,,
2020-07-16,1.719261088,5.868939942,3.425967434,0.014567475,1.387618977,0.27805128,0,1,0,0,0,0,1.708727386,5.871269173,3.432325312,0.015052788,1.398349664,0.276388399,0,1,0,0,0,0,,,,
2020-07-17,1.628816352,5.672348105,3.295485689,0.012999728,1.33263653,0.260552989,0,1,0,0,0,0,1.625183258,5.697789765,3.299910363,0.013448408,1.355583037,0.259490443,0,1,0,0,0,0,,,,
2020-07-18,1.540020583,5.51867098,3.170724137,0.011635685,1.296613145,0.244223413,0,1,0,0,0,0,1.539583274,5.534119933,3.173575656,0.011842921,1.317985873,0.242097364,0,1,0,0,0,0,,,,
2020-07-19,1.46706582,5.359986989,3.059435221,0.010268365,1.273139547,0.229299254,0,1,0,0,0,0,1.463654929,5.416500832,3.069880413,0.010613614,1.315493772,0.230262728,0,1,0,0,0,0,,,,
2020-07-20,1.386023793,5.208267717,2.935608604,0.009063773,1.249020725,0.21423605,0,1,0,0,0,0,1.39542448,5.318156113,2.990044218,0.009452029,1.325512954,0.221396867,0,1,0,0,1,0,,,,
2020-07-21,1.312538118,5.05922975,2.816213722,0.008081666,1.223055704,0.200561109,0,1,0,0,0,0,1.33884204,5.264575828,2.922588723,0.008541178,1.332093143,0.218508033,0,1,0,0,1,0,,,,
2020-07-22,1.245583802,4.918647137,2.710462802,0.007147581,1.198657681,0.188894374,0,1,0,0,0,0,1.29289982,5.253082808,2.865676592,0.007777332,1.341503148,0.213447502,0,1,0,0,1,0,,,,
2020-07-23,1.175240135,4.782132668,2.601478728,0.006326682,1.173709015,0.175303552,0,1,0,0,0,0,1.251332877,5.287184471,2.814660677,0.006915634,1.372013245,0.210030642,0,1,0,0,1,0,,,,
2020-07-24,1.105688362,4.641413389,2.500493718,0.005639117,1.153178499,0.161981302,0,1,0,0,0,0,1.202324127,5.264641788,2.781561424,0.006278415,1.402756934,0.2110518,0,1,0,0,1,0,,,,
2020-07-25,1.046291392,4.495307387,2.404795145,0.004982441,1.118747962,0.149969338,0,1,0,0,0,0,1.158270903,5.273049856,2.746376835,0.005641816,1.456446415,0.213255525,0,1,0,0,1,0,,,,
2020-07-26,0.989057112,4.375373273,2.308018948,0.004379992,1.093963587,0.138742944,0,1,0,0,0,0,1.112459039,5.288169163,2.724486877,0.005109697,1.461113232,0.220657012,0,1,0,0,1,0,,,,
2020-07-27,0.938027824,4.265757849,2.226135533,0.003890333,1.08392238,0.127675406,0,1,0,0,0,0,1.079728607,5.302891567,2.698150653,0.004699698,1.49122667,0.226427228,0,1,0,0,1,0,,,,
2020-07-28,0.885048076,4.128582705,2.14299109,0.003430231,1.054233592,0.118541836,0,1,0,0,0,0,1.053617976,5.361901388,2.680550828,0.004241653,1.529780884,0.236341172,0,1,0,0,1,0,,,,
2020-07-29,0.836265219,4.020128459,2.062239331,0.003031183,1.040110432,0.109162722,0,1,0,0,0,0,1.02692753,5.404276348,2.673329038,0.003857186,1.547801871,0.248391389,0,1,0,0,1,0,,,,
2020-07-30,0.789485173,3.912039481,1.982207328,0.00266713,1.023343803,0.101047077,0,1,0,0,0,0,1.010842587,5.479934728,2.670971293,0.003506628,1.566603191,0.25903751,0,1,0,0,1,0,,,,
2020-07-31,0.745177894,3.797521135,1.9034705,0.002342072,1.013078305,0.092774093,0,1,0,0,0,0,0.989684605,5.539863718,2.658275381,0.003178398,1.604455167,0.27028498,0,1,0,0,1,0,,,,
2020-08-01,0.701549743,3.660457949,1.826545041,0.002066101,1.004667183,0.085137802,0,1,0,0,0,0,0.96590967,5.640451174,2.67585239,0.002950571,1.631940587,0.282347897,0,1,0,0,1,0,,,,
2020-08-02,0.662774133,3.579645559,1.758969298,0.001789965,1.002303984,0.078831908,0,1,0,0,0,0,0.934402234,5.738780024,2.683604069,0.002697573,1.673251618,0.290285162,0,1,0,0,1,0,,,,
2020-08-03,0.626136202,3.484726523,1.688872834,0.001562825,0.992083089,0.072448356,0,1,0,0,0,0,0.916611831,5.826327372,2.693073103,0.002487025,1.684200139,0.303274049,0,1,0,0,1,0,,,,
2020-08-04,0.586840495,3.389483015,1.619502609,0.001368316,0.955388538,0.066741982,0,1,0,0,0,0,0.896808476,5.927318839,2.708501666,0.002272302,1.741576634,0.314923329,0,1,0,0,1,0,,,,
2020-08-05,0.554070439,3.301272339,1.558480262,0.001203244,0.955780784,0.061944991,0,1,0,0,0,0,0.871123494,6.08213176,2.719792004,0.002103385,1.745705206,0.323620235,0,1,0,0,1,0,,,,
2020-08-06,0.519480875,3.198945131,1.497070477,0.001059117,0.920395271,0.056722698,0,1,0,0,0,0,0.863893357,6.21677574,2.743790498,0.00193305,1.78931653,0.336249939,0,1,0,0,1,0,,,,
2020-08-07,0.489856659,3.115686188,1.434912707,0.000925122,0.886326799,0.051317868,0,1,0,0,0,0,0.842369196,6.367856382,2.766065102,0.001810909,1.850228771,0.353152528,0,1,0,0,1,0,,,,
2020-08-08,0.458760495,3.047494954,1.371969854,0.000814331,0.872885928,0.046992471,0,1,0,0,0,0,0.829640674,6.499486965,2.800103483,0.001667717,1.878943697,0.369249651,0,1,0,0,1,0,,,,
2020-08-09,0.427660518,2.948521071,1.315293133,0.000705477,0.863173595,0.043079741,0,1,0,0,0,0,0.819468118,6.643157542,2.84084519,0.001549188,1.910577394,0.37708937,0,1,0,0,1,0,,,,
2020-08-10,0.401008199,2.879185797,1.263938783,0.000613713,0.85947861,0.039486957,0,1,0,0,0,0,0.808078362,6.840302648,2.869922044,0.00142426,1.95289824,0.391225666,0,1,0,0,1,0,,,,
2020-08-11,0.37427715,2.799630096,1.215044006,0.000534892,0.850992816,0.036045448,0,1,0,0,0,0,0.798517481,7.009112084,2.91645845,0.001349906,2.004219303,0.401010916,0,1,0,0,1,0,,,,
2020-08-12,0.351580949,2.715059848,1.168586462,0.000462953,0.829161447,0.032730306,0,1,0,0,0,0,0.785418222,7.184874074,2.943130317,0.001256586,2.039699484,0.419434161,0,1,0,0,1,0,,,,
2020-08-13,0.328990556,2.641919563,1.121870907,0.000405153,0.798957035,0.029853993,0,0,0,0,0,0,0.777467069,7.347431309,3.001353956,0.001167431,2.078095094,0.432531347,0,2,0,0,1,0,,,,
2020-08-14,0.309044425,2.569878867,1.075360739,0.000351228,0.777855855,0.027099217,0,0,0,0,0,0,0.783525867,7.575242616,3.062164291,0.00113429,2.153445644,0.447827946,0,2,0,0,1,0,,,,
2020-08-15,0.290322421,2.500235602,1.027994137,0.000305415,0.761601096,0.02447805,0,0,0,0,0,0,0.768778037,7.865486125,3.113992832,0.001112703,2.191553313,0.470281775,0,2,0,0,1,0,,,,
2020-08-16,0.273017477,2.446544938,0.987011658,0.000266206,0.749774161,0.022490179,0,0,0,0,0,0,0.752250427,8.210114379,3.169108311,0.001066797,2.243243775,0.497548243,0,2,0,0,1,0,,,,
2020-08-17,0.256111685,2.379125728,0.944047669,0.00023038,0.734812045,0.020107478,0,0,0,0,0,0,0.738842312,8.462980991,3.24005519,0.001017699,2.290061943,0.51593015,0,2,0,0,1,0,,,,
2020-08-18,0.241592806,2.323060189,0.902816732,0.000198284,0.724999298,0.018102906,0,0,0,0,0,0,0.730322414,8.667935091,3.288031601,0.000948835,2.340359159,0.536525898,0,2,0,0,1,0,,,,
2020-08-19,0.224869644,2.268591246,0.864565092,0.000172094,0.69998293,0.016273177,0,0,0,0,0,0,0.724152409,8.911351926,3.355351191,0.00090456,2.365933093,0.554646554,0,2,0,0,1,0,,,,
2020-08-20,0.210258644,2.201881377,0.825529888,0.00014875,0.676409961,0.014650777,0,0,0,0,0,0,0.713259219,9.198501297,3.415989735,0.000881961,2.462895015,0.563986021,0,2,0,0,1,0,,,,
2020-08-21,0.196505203,2.143888726,0.786014026,0.000129155,0.662173606,0.013275249,0,0,0,0,0,0,0.703715281,9.604467441,3.472225021,0.000852048,2.553611385,0.573258886,0,2,0,0,1,0,,,,
2020-08-22,0.183128085,2.079535901,0.749992278,0.000112165,0.645805736,0.011921834,0,0,0,0,0,0,0.695533665,9.887111625,3.550162229,0.000823616,2.610186572,0.597964611,0,2,0,0,1,0,,,,
2020-08-23,0.171296481,2.030247956,0.71522542,9.68E-05,0.621939039,0.010590964,0,0,0,0,0,0,0.684969034,10.23097432,3.608374778,0.000805687,2.692865684,0.611496338,0,2,0,0,1,0,,,,
2020-08-24,0.15966454,1.975757327,0.682543882,8.38E-05,0.61954538,0.009521473,0,0,0,0,0,0,0.668658257,10.6320401,3.678918484,0.000793434,2.789544248,0.625045462,0,2,0,0,1,0,,,,
2020-08-25,0.149032198,1.927404137,0.653300777,7.23E-05,0.606187074,0.008582006,0,0,0,0,0,0,0.650984043,11.00655937,3.762469661,0.000759534,2.831160948,0.64829567,0,2,0,0,1,0,,,,
2020-08-26,0.139336402,1.886329363,0.622427287,6.28E-05,0.605769074,0.007694929,0,0,0,0,0,0,0.626102661,11.40884325,3.839355763,0.000714068,2.904185906,0.663502789,0,2,0,0,1,0,,,,
2020-08-27,0.130130471,1.830584427,0.594229015,5.44E-05,0.594403455,0.006874373,0,0,0,0,0,0,0.607336292,11.83595544,3.931152505,0.000689604,2.985707733,0.685760867,0,2,0,0,1,0,,,,
2020-08-28,0.121103822,1.782384058,0.565872712,4.74E-05,0.58983622,0.006168291,0,0,0,0,0,0,0.596583489,12.27360406,4.017882752,0.000688805,3.073228824,0.713278385,0,2,0,0,1,0,,,,
2020-08-29,0.113433121,1.738307358,0.540362258,4.09E-05,0.558565395,0.005527703,0,0,0,0,0,0,0.576101489,12.64680696,4.107530137,0.000641721,3.176105726,0.729747052,0,2,0,0,1,0,,,,
2020-08-30,0.105836197,1.69507204,0.513759475,3.57E-05,0.537282319,0.004894946,0,0,0,0,0,0,0.566573531,13.08875314,4.206852959,0.000608094,3.250365056,0.749415325,0,2,0,0,1,0,,,,
2020-08-31,0.098489691,1.645508487,0.4885541,3.07E-05,0.517037646,0.004366315,0,0,0,0,0,0,0.555271131,13.66071967,4.285228282,0.000580435,3.353873398,0.772009041,0,2,0,0,1,0,,,,
2020-09-01,0.091841753,1.593679095,0.46486013,2.64E-05,0.493405255,0.003842906,0,0,0,0,0,0,0.540743026,14.23507654,4.358127137,0.000573954,3.51704217,0.793953535,0,2,0,0,1,0,,,,
2020-09-02,0.085774796,1.548359141,0.442780907,2.28E-05,0.474106408,0.003415345,0,0,0,0,0,0,0.524638128,14.73638308,4.465182894,0.000565475,3.586836013,0.825103759,0,2,0,0,1,0,,,,
2020-09-03,0.079761353,1.515204417,0.421701388,1.97E-05,0.458254042,0.003030212,0,0,0,0,0,0,0.502108578,15.21097568,4.580546213,0.000559728,3.660377455,0.84854583,0,2,0,0,1,0,,,,
2020-09-04,0.074373902,1.487923918,0.400437339,1.70E-05,0.445515197,0.002690641,0,0,0,0,0,0,0.484429139,15.75310634,4.697660222,0.000540306,3.768438775,0.864505324,0,2,0,0,1,0,,,,
2020-09-05,0.069200759,1.454130616,0.378972729,1.47E-05,0.428993669,0.002390004,0,0,0,0,0,0,0.473787025,16.41155092,4.814519375,0.000504147,3.973970743,0.877746738,0,3,0,0,1,0,,,,
2020-09-06,0.064383922,1.416625723,0.359136245,1.26E-05,0.420271458,0.002129763,0,0,0,0,0,0,0.456949136,17.09027876,4.888469544,0.000520584,4.095572925,0.89250114,0,3,0,0,1,0,,,,
2020-09-07,0.059870814,1.371142626,0.339364055,1.09E-05,0.407790355,0.001902783,0,0,0,0,0,0,0.443053529,17.68913041,4.993432997,0.000540084,4.209149749,0.924366498,0,3,0,0,1,0,,,,
2020-09-08,0.055806253,1.344667492,0.321852157,9.38E-06,0.384019988,0.001684339,0,0,0,0,0,0,0.425276265,18.39347244,5.098215547,0.000520755,4.376387848,0.956549697,0,3,0,0,1,0,,,,
2020-09-09,0.051901746,1.315057936,0.304702633,8.08E-06,0.382029249,0.001489809,0,0,0,0,0,0,0.406600888,19.05815819,5.201244052,0.000513368,4.537323845,0.973488064,0,3,0,0,1,0,,,,
2020-09-10,0.048260978,1.293765027,0.288802663,6.96E-06,0.371138756,0.001313461,0,0,0,0,0,0,0.388815797,19.90925065,5.322516551,0.000492491,4.699122266,0.998053428,0,3,0,0,1,0,,,,
2020-09-11,0.044826473,1.264398361,0.273167876,6.01E-06,0.352322395,0.001157637,0,0,0,0,0,0,0.370302054,20.54829109,5.451011525,0.00045934,4.853105166,1.014750569,0,3,0,0,1,0,,,,
2020-09-12,0.041698046,1.23826675,0.258770261,5.16E-06,0.34040665,0.001023955,0,0,0,0,0,0,0.356360028,21.46768052,5.560458791,0.000428198,5.105057945,1.030627441,0,3,0,0,1,0,,,,
2020-09-13,0.038932828,1.211234517,0.24494974,4.46E-06,0.326208458,0.000901366,0,0,0,0,0,0,0.340146066,22.25969686,5.679535672,0.000389304,5.184140592,1.059404632,0,3,0,0,1,0,,,,
2020-09-14,0.036210884,1.182229271,0.231484703,3.81E-06,0.316526407,0.000792883,0,0,0,0,0,0,0.328812024,23.04249203,5.804782456,0.00036961,5.40698268,1.085501936,0,3,0,0,1,0,,,,
2020-09-15,0.033732392,1.148366028,0.218131868,3.28E-06,0.296151846,0.000693837,0,0,0,0,0,0,0.326717573,23.99815564,5.918192245,0.000347865,5.589561972,1.120307325,0,3,0,0,1,0,,,,
2020-09-16,0.03143216,1.118242223,0.205935887,2.84E-06,0.281218756,0.000612037,0,0,0,0,0,0,0.313928404,24.9393192,6.046457808,0.00033807,5.826535726,1.143075584,0,3,0,0,1,0,,,,
2020-09-17,0.029301898,1.101360406,0.194607162,2.43E-06,0.27030887,0.000539647,0,0,0,0,0,0,0.301371205,25.81128344,6.187201528,0.000305919,6.027776649,1.172818496,0,3,0,0,2,0,,,,
2020-09-18,0.027158271,1.07538002,0.183437764,2.10E-06,0.257564031,0.000472416,0,0,0,0,0,0,0.290145719,26.91038285,6.323986646,0.000279314,6.2874864,1.198222643,0,4,0,0,2,0,,,,
2020-09-19,0.025214647,1.049954859,0.172603314,1.80E-06,0.242252211,0.000415418,0,0,0,0,0,0,0.279109961,27.99220553,6.488026328,0.000251915,6.500358247,1.222890493,0,4,0,0,2,0,,,,
2020-09-20,0.023349975,1.028226631,0.161882611,1.55E-06,0.223579689,0.000362031,0,0,0,0,0,0,0.268419749,29.08419978,6.634616771,0.000226747,6.719624423,1.259522114,0,4,0,0,2,0,,,,
2020-09-21,0.02170687,1.015038349,0.152509011,1.35E-06,0.214573707,0.000318924,0,0,0,0,0,0,0.259184722,30.28955614,6.777492131,0.000211805,6.942457359,1.286974603,0,4,0,0,2,0,,,,
2020-09-22,0.020133866,0.989190587,0.143341708,1.16E-06,0.197786317,0.000277212,0,0,0,0,0,0,0.247954401,31.58884919,6.927188794,0.000193223,7.240203507,1.326764182,0,4,0,0,2,0,,,,
2020-09-23,0.01865453,0.969108218,0.134572231,9.94E-07,0.188728904,0.00024405,0,0,0,0,0,0,0.239136115,32.89417242,7.045322046,0.000178456,7.51277181,1.352122602,0,4,0,0,2,0,,,,
2020-09-24,0.017363723,0.953170112,0.126612665,8.55E-07,0.176315707,0.000212875,0,0,0,0,0,0,0.231215762,34.14204256,7.214325786,0.000165439,7.826202215,1.388202879,0,4,1,0,2,0,,,,
2020-09-25,0.016103105,0.938538514,0.119281072,7.37E-07,0.16807102,0.000186319,0,0,0,0,0,0,0.222510139,35.21794833,7.373504426,0.000147343,8.003851586,1.433381745,0,4,1,0,2,0,,,,
2020-09-26,0.014950898,0.926659542,0.1121566,6.34E-07,0.160664267,0.000163355,0,0,0,0,0,0,0.21318617,36.75671871,7.498846515,0.000134014,8.36234289,1.462238551,0,5,1,0,2,0,,,,
2020-09-27,0.01386003,0.9053004,0.105174466,5.48E-07,0.151566455,0.000142565,0,0,0,0,0,0,0.205719935,38.19982635,7.664514489,0.000120102,8.684457393,1.487134653,0,5,1,0,2,0,,,,
2020-09-28,0.012811529,0.875890098,0.09862845,4.70E-07,0.139133642,0.000123835,0,0,0,0,0,0,0.197391686,39.89930939,7.803911189,0.000105223,9.056287759,1.533893781,0,5,1,0,2,0,,,,
2020-09-29,0.011857693,0.852125179,0.092413155,4.04E-07,0.131309907,0.000107598,0,0,0,0,0,0,0.188204411,41.13076639,8.013695251,9.37E-05,9.380331508,1.563492122,0,5,1,0,2,0,,,,
2020-09-30,0.011006579,0.833900176,0.086837989,3.47E-07,0.124560594,9.38E-05,0,0,0,0,0,0,0.17963385,42.95246939,8.194754457,8.14E-05,9.748564799,1.585689491,0,5,1,0,2,0,,,,
2020-10-01,0.010233703,0.815715157,0.081346418,2.97E-07,0.115666177,8.15E-05,0,0,0,0,0,0,0.172659701,44.39859073,8.385111249,7.20E-05,10.1990155,1.642622683,0,5,1,0,2,0,,,,
2020-10-02,0.009468672,0.801062985,0.076094108,2.53E-07,0.107774211,7.08E-05,0,0,0,0,0,0,0.164975807,45.89673952,8.576245757,6.37E-05,10.46365177,1.660892587,0,6,1,0,2,0,,,,
2020-10-03,0.008792496,0.783979846,0.071441075,2.17E-07,0.100427369,6.19E-05,0,0,0,0,0,0,0.157464704,47.82052454,8.775153491,5.63E-05,10.8118849,1.693600697,0,6,1,0,2,0,,,,
2020-10-04,0.008131587,0.765432559,0.066916304,1.87E-07,0.094447193,5.38E-05,0,0,0,0,0,0,0.149240221,49.63154298,8.96834699,4.87E-05,11.24056856,1.756709938,0,6,1,0,2,0,,,,
2020-10-05,0.007541735,0.748958112,0.062736201,1.61E-07,0.088354319,4.69E-05,0,0,0,0,0,0,0.143023032,51.70113733,9.164197759,4.39E-05,11.63383265,1.809576013,0,6,1,0,2,0,,,,
2020-10-06,0.006992252,0.74075844,0.059051812,1.38E-07,0.086510731,4.10E-05,0,0,0,0,0,0,0.137095002,53.80124892,9.36863764,3.84E-05,12.08365401,1.838693856,0,6,1,0,3,0,,,,
2020-10-07,0.006467329,0.721413765,0.055233868,1.18E-07,0.079295488,3.56E-05,0,0,0,0,0,0,0.133498352,55.61013908,9.557866953,3.47E-05,12.59116873,1.87667868,0,7,1,0,3,0,,,,
2020-10-08,0.00600543,0.711925065,0.05182105,1.01E-07,0.07501861,3.11E-05,0,0,0,0,0,0,0.128544576,57.92094664,9.807779302,3.02E-05,13.15575326,1.916688827,0,7,1,0,3,0,,,,
2020-10-09,0.005553692,0.693313518,0.048350399,8.62E-08,0.069451027,2.71E-05,0,0,0,0,0,0,0.122350799,60.3658481,9.982366903,2.64E-05,13.7123047,1.956400757,0,7,1,0,3,0,,,,
2020-10-10,0.005148407,0.677476402,0.045191559,7.36E-08,0.062973237,2.34E-05,0,0,0,0,0,0,0.115070688,62.23056396,10.2016209,2.32E-05,14.18585903,2.003327228,0,7,1,0,3,0,,,,
2020-10-11,0.004751562,0.663220423,0.042424149,6.30E-08,0.059472304,2.04E-05,0,0,0,0,0,0,0.110101516,64.66473903,10.46496004,2.05E-05,14.75053007,2.070270665,0,8,1,0,3,0,,,,
2020-10-12,0.004412936,0.6430033,0.039723173,5.40E-08,0.056195493,1.77E-05,0,0,0,0,0,0,0.104865603,67.4880574,10.68689469,1.80E-05,15.36254119,2.109022768,0,8,1,0,3,0,,,,
2020-10-13,0.004068511,0.629803211,0.037194293,4.62E-08,0.051407236,1.54E-05,0,0,0,0,0,0,0.099635054,70.29014326,10.92314991,1.61E-05,15.92096735,2.161739205,0,8,1,0,3,0,,,,
2020-10-14,0.003765036,0.613765582,0.034734116,3.96E-08,0.047048979,1.33E-05,0,0,0,0,0,0,0.093939854,73.06499246,11.18845657,1.43E-05,16.47672714,2.219009441,0,8,1,0,3,0,,,,
2020-10-15,0.003469867,0.602308443,0.032388444,3.39E-08,0.04311667,1.16E-05,0,0,0,0,0,0,0.091381117,75.55175185,11.36796079,1.26E-05,17.0552799,2.262714568,0,9,1,0,3,0,,,,
2020-10-16,0.003212664,0.59632458,0.030371528,2.90E-08,0.041580812,1.01E-05,0,0,0,0,0,0,0.086184193,78.40467855,11.61646889,1.12E-05,17.59963192,2.313701132,0,9,1,0,3,0,,,,
2020-10-17,0.002969088,0.586746017,0.02844306,2.46E-08,0.038078384,8.73E-06,0,0,0,0,0,0,0.082297495,81.54155384,11.89387209,9.88E-06,18.29901887,2.348501636,0,10,1,0,4,0,,,,
2020-10-18,0.002741761,0.571995958,0.026571585,2.11E-08,0.035251229,7.58E-06,0,0,0,0,0,0,0.078969658,84.36609194,12.19729183,8.62E-06,19.00624193,2.428714974,0,10,1,0,4,0,,,,
2020-10-19,0.002544765,0.556610588,0.024803359,1.81E-08,0.031431357,6.58E-06,0,0,0,0,0,0,0.074927789,87.82893137,12.42358136,7.67E-06,19.79463023,2.483806603,0,10,1,0,4,0,,,,
2020-10-20,0.002359758,0.537267171,0.02320478,1.54E-08,0.029380883,5.74E-06,0,0,0,0,0,0,0.071172813,91.10339987,12.73123848,6.81E-06,20.31536194,2.527045299,0,11,1,0,4,0,,,,
2020-10-21,0.00218007,0.515169297,0.021650324,1.32E-08,0.027271377,4.98E-06,0,0,0,0,0,0,0.067416264,94.72701541,13.0346281,5.98E-06,21.1248825,2.607678775,0,11,1,0,4,0,,,,
2020-10-22,0.002021957,0.499787953,0.020217118,1.12E-08,0.024756955,4.30E-06,0,0,0,0,0,0,0.064221398,98.35351318,13.31052488,5.20E-06,21.8572123,2.669176551,0,11,1,0,4,0,,,,
2020-10-23,0.001866382,0.484942105,0.018825917,9.58E-09,0.022332472,3.72E-06,0,0,0,0,0,0,0.060440191,102.205267,13.62538198,4.56E-06,22.76729357,2.723090801,0,12,1,0,4,0,,,,
2020-10-24,0.001723001,0.470899325,0.017534137,8.25E-09,0.020785287,3.24E-06,0,0,0,0,0,0,0.056903541,105.9782291,13.86470746,4.06E-06,23.66036703,2.797854326,0,12,1,0,4,0,,,,
2020-10-25,0.001592131,0.45683003,0.016367528,7.06E-09,0.018804255,2.82E-06,0,0,0,0,0,0,0.054345851,109.9102027,14.22950636,3.50E-06,24.38083469,2.886084942,0,13,1,0,5,0,,,,
2020-10-26,0.001470563,0.441935932,0.015275819,6.00E-09,0.017218095,2.45E-06,0,0,0,0,0,0,0.051275137,113.7413295,14.56125141,3.06E-06,25.35051442,2.927366464,0,13,1,0,5,0,,,,
2020-10-27,0.001361435,0.429806927,0.014261905,5.10E-09,0.015966063,2.13E-06,0,0,0,0,0,0,0.048567124,118.5296168,14.79992795,2.72E-06,26.44162452,2.994217675,0,14,1,0,5,0,,,,
2020-10-28,0.001263589,0.41663549,0.013304443,4.35E-09,0.014837008,1.85E-06,0,0,0,0,0,0,0.045680013,122.3462714,15.17434324,2.38E-06,27.38669826,3.049159777,0,14,1,0,5,0,,,,
2020-10-29,0.00117005,0.398640311,0.012390539,3.71E-09,0.013466512,1.60E-06,0,0,0,0,0,0,0.043231626,126.4505365,15.45997556,2.06E-06,28.39518604,3.112509994,0,14,1,0,5,0,,,,
2020-10-30,0.001077872,0.382477261,0.01153924,3.16E-09,0.011976588,1.39E-06,0,0,0,0,0,0,0.040631282,131.2401907,15.77640726,1.78E-06,29.27561877,3.176840029,0,15,1,0,5,0,,,,
2020-10-31,0.000995964,0.37127735,0.010759281,2.70E-09,0.011063084,1.20E-06,0,0,0,0,0,0,0.038186267,135.724466,16.16182348,1.53E-06,30.25367632,3.22342552,0,15,1,0,6,0,,,,
2020-11-01,0.000922019,0.358509031,0.010017819,2.28E-09,0.010127672,1.04E-06,0,0,0,0,0,0,0.036022093,141.1803067,16.48812647,1.33E-06,31.61968338,3.293468337,0,16,1,0,6,0,,,,
2020-11-02,0.000851808,0.341387805,0.00934217,1.94E-09,0.009201585,9.01E-07,0,0,0,0,0,0,0.03400563,146.9735582,16.81804988,1.15E-06,32.82317932,3.359213533,0,17,1,0,6,0,,,,
2020-11-03,0.000787737,0.330266965,0.008709513,1.66E-09,0.008103588,7.80E-07,0,0,0,0,0,0,0.032666069,152.2371815,17.1529383,1.01E-06,33.97292362,3.431868328,0,17,1,0,6,0,,,,
2020-11-04,0.000728176,0.321139186,0.008105919,1.41E-09,0.007417231,6.75E-07,0,0,0,0,0,0,0.031179712,158.5208453,17.56850249,8.90E-07,35.39279386,3.519813468,0,18,2,0,7,0,,,,
2020-11-05,0.000673794,0.306803284,0.007567125,1.21E-09,0.006656633,5.83E-07,0,0,0,0,0,0,0.029798148,163.629333,17.94488693,7.80E-07,36.69571142,3.590258065,0,19,2,0,7,0,,,,
2020-11-06,0.000620853,0.296340139,0.007023977,1.03E-09,0.005920383,5.04E-07,0,0,0,0,0,0,0.027871107,169.7823559,18.36629602,6.85E-07,37.94859331,3.658598694,0,19,2,0,7,0,,,,
2020-11-07,0.000574321,0.287505439,0.006534789,8.82E-10,0.005294736,4.38E-07,0,0,0,0,0,0,0.026401741,175.4906616,18.69710414,5.97E-07,39.57782994,3.736054775,0,20,2,0,7,0,,,,
2020-11-08,0.000531348,0.282560499,0.006097512,7.49E-10,0.004762875,3.80E-07,0,0,0,0,0,0,0.024829796,182.4221277,19.11782087,5.18E-07,40.67897409,3.802909076,0,21,2,0,7,0,,,,
2020-11-09,0.000492053,0.274497654,0.005674955,6.38E-10,0.004391136,3.30E-07,0,0,0,0,0,0,0.023273198,189.8384826,19.51920251,4.53E-07,41.75623415,3.897749948,0,21,2,0,8,0,,,,
2020-11-10,0.00045502,0.265359154,0.00527344,5.43E-10,0.003951707,2.85E-07,0,0,0,0,0,0,0.022012862,196.1704835,19.93979605,3.89E-07,43.4167512,4.011492455,0,22,2,0,8,0,,,,
2020-11-11,0.000420184,0.255229117,0.00490347,4.62E-10,0.003523346,2.47E-07,0,0,0,0,0,0,0.020726361,203.5144255,20.34386455,3.38E-07,44.86528568,4.086235359,0,23,2,0,8,0,,,,
2020-11-12,0.000388376,0.244617205,0.004558353,3.94E-10,0.003121468,2.13E-07,0,0,0,0,0,0,0.019471733,209.8063593,20.73447648,2.95E-07,46.50643613,4.173198058,0,23,2,0,8,0,,,,
2020-11-13,0.000358658,0.232528767,0.004243001,3.38E-10,0.002807988,1.84E-07,0,0,0,0,0,0,0.018544111,216.6127521,21.14999536,2.58E-07,48.26989578,4.256541064,0,24,2,0,9,1,,,,
2020-11-14,0.000330893,0.220979722,0.003953695,2.89E-10,0.002473062,1.60E-07,0,0,0,0,0,0,0.017526125,224.1036338,21.6478188,2.27E-07,50.03383792,4.345504171,0,25,2,0,9,1,,,,
2020-11-15,0.000304473,0.210020198,0.003676462,2.46E-10,0.002199329,1.38E-07,0,0,0,0,0,0,0.016555834,232.6049889,22.07915305,1.96E-07,51.46564828,4.411098274,0,25,2,0,9,1,,,,
2020-11-16,0.000280214,0.199952063,0.00341399,2.08E-10,0.001966382,1.19E-07,0,0,0,0,0,0,0.015596279,240.1127015,22.56891121,1.72E-07,53.01258884,4.49997799,0,27,2,0,9,1,,,,
2020-11-17,0.000258792,0.189673603,0.003167123,1.77E-10,0.001782738,1.04E-07,0,0,0,0,0,0,0.014614178,248.5125293,23.00782231,1.50E-07,54.62392901,4.596975571,0,27,2,0,10,1,,,,
2020-11-18,0.000238643,0.183172629,0.002948154,1.51E-10,0.001574562,8.99E-08,0,0,0,0,0,0,0.013798478,256.2418565,23.56124913,1.32E-07,56.74114061,4.736590596,0,28,2,0,10,1,,,,
2020-11-19,0.000220302,0.174944799,0.002742433,1.28E-10,0.001376343,7.79E-08,0,0,0,0,0,0,0.012985359,264.1181783,24.04855982,1.17E-07,58.36944145,4.851496105,0,29,2,0,10,1,,,,
2020-11-20,0.000202537,0.166956268,0.002544745,1.09E-10,0.001224487,6.72E-08,0,0,0,0,0,0,0.01218728,274.0967715,24.48964647,1.02E-07,60.17040722,4.925439047,0,30,2,0,11,1,,,,
2020-11-21,0.000186076,0.160119241,0.002369588,9.34E-11,0.001087784,5.84E-08,0,0,0,0,0,0,0.011442846,282.968701,25.04521823,8.87E-08,62.09769402,5.077857334,0,31,2,0,11,1,,,,
2020-11-22,0.000171482,0.153216362,0.002198146,7.89E-11,0.000970944,5.04E-08,0,0,0,0,0,0,0.010746046,292.007883,25.56951943,7.78E-08,63.91498952,5.176598566,0,31,2,0,11,1,,,,
2020-11-23,0.000158317,0.146255899,0.002045323,6.77E-11,0.000864635,4.35E-08,0,0,0,0,0,0,0.01010734,301.1872979,26.08270699,6.75E-08,65.76937714,5.260962078,0,33,2,0,12,1,,,,
2020-11-24,0.000146387,0.139837206,0.001900915,5.76E-11,0.000758977,3.77E-08,0,0,0,0,0,0,0.009593785,311.0286263,26.66429943,5.96E-08,67.84304245,5.400442017,0,33,2,0,12,1,,,,
2020-11-25,0.000134906,0.131587967,0.001765427,4.90E-11,0.000672549,3.25E-08,0,0,0,0,0,0,0.009022553,321.2384305,27.1449151,5.12E-08,69.8827812,5.490415064,0,35,2,0,12,1,,,,
2020-11-26,0.000123796,0.124287801,0.001636867,4.19E-11,0.000593272,2.81E-08,0,0,0,0,0,0,0.008477685,330.6573214,27.60477176,4.47E-08,72.20020238,5.606177131,0,35,2,0,13,1,,,,
2020-11-27,0.000114137,0.118608657,0.001522899,3.55E-11,0.000537544,2.43E-08,0,0,0,0,0,0,0.008019491,341.482581,28.22821285,3.86E-08,74.63468705,5.705047611,0,37,3,0,13,1,,,,
2020-11-28,0.000105364,0.111762297,0.001416853,3.01E-11,0.000469243,2.10E-08,0,0,0,0,0,0,0.007556435,350.7234721,28.81464536,3.36E-08,77.09269478,5.821088595,0,38,3,0,14,1,,,,
2020-11-29,9.70E-05,0.10677112,0.001317417,2.57E-11,0.00041569,1.81E-08,0,0,0,0,0,0,0.007118431,362.8105744,29.45824475,2.91E-08,78.907701,5.925198497,0,39,3,0,14,1,,,,
2020-11-30,8.93E-05,0.101231055,0.001225272,2.18E-11,0.000366577,1.56E-08,0,0,0,0,0,0,0.006698715,372.2990046,30.09013881,2.51E-08,81.49293108,6.075250307,0,40,3,0,14,1,,,,
2020-12-01,8.21E-05,0.095912619,0.001139058,1.86E-11,0.000321849,1.36E-08,0,0,0,0,0,0,0.006349907,384.9847418,30.786214,2.19E-08,83.45538835,6.193452316,0,41,3,0,15,1,,,,
2020-12-02,7.56E-05,0.091595714,0.00106069,1.58E-11,0.000281796,1.17E-08,0,0,0,0,0,0,0.005977334,396.8459788,31.40098058,1.89E-08,86.39671876,6.312405637,0,42,3,0,15,1,,,,
2020-12-03,6.95E-05,0.087491047,0.000987968,1.34E-11,0.000246984,1.01E-08,0,0,0,0,0,0,0.005611964,408.2480252,31.96523445,1.66E-08,87.97914982,6.436781372,0,43,3,0,15,1,,,,
2020-12-04,6.40E-05,0.082470179,0.000917478,1.14E-11,0.000215529,8.75E-09,0,0,0,0,0,0,0.005253923,419.4439381,32.66337429,1.43E-08,90.41379865,6.515309008,0,44,3,0,16,1,,,,
2020-12-05,5.89E-05,0.078190825,0.00085341,9.73E-12,0.000188562,7.59E-09,0,0,0,0,0,0,0.004918693,430.6744361,33.36811981,1.24E-08,92.57105717,6.682582457,0,45.45,3,0,16,1,,,,
2020-12-06,5.41E-05,0.073807311,0.000791105,8.32E-12,0.00016617,6.55E-09,0,0,0,0,0,0,0.004609346,441.9937075,33.99379164,1.07E-08,95.18032378,6.790030841,0,47,3,0,17,1,,,,
2020-12-07,4.97E-05,0.070143792,0.00073527,7.10E-12,0.000145451,5.68E-09,0,0,0,0,0,0,0.004312949,455.7068361,34.58432074,9.05E-09,98.15674595,6.967396651,0,48,3,0,17,1,,,,
2020-12-08,4.58E-05,0.066826052,0.000682453,6.04E-12,0.000129599,4.91E-09,0,0,0,0,0,0,0.00403873,469.1992363,35.36007356,7.82E-09,100.5967344,7.092879263,0,49,3,0,18,1,,,,
2020-12-09,4.21E-05,0.062907558,0.000633048,5.16E-12,0.000113668,4.23E-09,0,0,0,0,0,0,0.003785446,481.3685269,36.03232758,6.80E-09,103.1821442,7.285813691,0,50,3,0,18,1,,,,
2020-12-10,3.89E-05,0.060054694,0.000589095,4.37E-12,9.94E-05,3.66E-09,0,0,0,0,0,0,0.003564476,493.9343276,36.73103969,5.99E-09,105.6809441,7.450521759,0,51,3,0,18,1,,,,
2020-12-11,3.58E-05,0.056628213,0.000548385,3.73E-12,8.72E-05,3.15E-09,0,0,0,0,0,0,0.003335933,506.7960462,37.49712078,5.20E-09,108.2376649,7.564395048,0,52,3,0,19,1,,,,
2020-12-12,3.31E-05,0.052839755,0.000509954,3.18E-12,7.84E-05,2.71E-09,0,0,0,0,0,0,0.00311359,518.5499653,38.27675709,4.52E-09,109.9626033,7.752964251,0,53,3,0,19,1,,,,
2020-12-13,3.06E-05,0.049746964,0.000473274,2.71E-12,6.86E-05,2.35E-09,0,0,0,0,0,0,0.0029383,532.0513549,38.95891322,3.91E-09,113.4442793,7.872051163,0,54,3,0,19,1,,,,
2020-12-14,2.82E-05,0.04644839,0.000439666,2.30E-12,6.02E-05,2.04E-09,0,0,0,0,0,0,0.002764124,543.2812859,39.94150797,3.34E-09,115.9644332,8.031896356,0,55,4,0,20,1,,,,
2020-12-15,2.59E-05,0.043322307,0.000407944,1.95E-12,5.27E-05,1.77E-09,0,0,0,0,0,0,0.002609918,557.3075933,40.75335661,2.95E-09,117.9153609,8.222556138,0,57,4,0,20,1,,,,
2020-12-16,2.39E-05,0.040280371,0.000378963,1.66E-12,4.51E-05,1.53E-09,0,0,0,0,0,0,0.002449422,569.5687651,41.50509217,2.52E-09,121.345653,8.394901128,0,58,4,0,21,1,,,,
2020-12-17,2.20E-05,0.037481844,0.00035208,1.41E-12,3.90E-05,1.32E-09,0,0,0,0,0,0,0.002288706,581.7664564,42.25492532,2.17E-09,124.0937519,8.55492324,0,59,4,0,21,1,,,,
2020-12-18,2.02E-05,0.035013791,0.000327397,1.20E-12,3.48E-05,1.14E-09,0,0,0,0,0,0,0.002137481,593.7785809,43.20845303,1.87E-09,126.1752595,8.750216369,0,59,4,0,21,1,,,,
2020-12-19,1.86E-05,0.032895915,0.000303609,1.02E-12,3.09E-05,9.87E-10,0,0,0,0,0,0,0.002018682,605.3989234,44.00312641,1.66E-09,128.0922586,8.940390122,0,60,4,0,22,1,,,,
2020-12-20,1.71E-05,0.030731222,0.000281568,8.69E-13,2.66E-05,8.51E-10,0,0,0,0,0,0,0.001891761,618.9593638,44.82150494,1.43E-09,130.3372126,9.078517229,0,62,4,0,22,1,,,,
2020-12-21,1.58E-05,0.028845428,0.000261785,7.39E-13,2.31E-05,7.37E-10,0,0,0,0,0,0,0.001771345,632.0215812,45.66265385,1.23E-09,132.5350558,9.20194492,0,63,4,0,22,1,,,,
2020-12-22,1.45E-05,0.027062733,0.000243055,6.29E-13,2.01E-05,6.36E-10,0,0,0,0,0,0,0.00166013,643.5680456,46.53300485,1.06E-09,135.1555171,9.370278424,0,64,4,0,23,1,,,,
2020-12-23,1.33E-05,0.025174411,0.000225472,5.34E-13,1.74E-05,5.49E-10,0,0,0,0,0,0,0.001550426,653.7120352,47.57569333,9.15E-10,137.6242326,9.609714267,0,64,4,0,23,1,,,,
2020-12-24,1.22E-05,0.023532325,0.000208904,4.54E-13,1.53E-05,4.72E-10,0,0,0,0,0,0,0.001466511,666.6443341,48.53652883,7.90E-10,140.0972755,9.800208653,0,65,4,0,23,1,,,,
2020-12-25,1.12E-05,0.022117331,0.000194227,3.87E-13,1.34E-05,4.10E-10,0,0,0,0,0,0,0.00137516,679.8233281,49.41022932,6.83E-10,143.2945382,9.951413436,0,66,4,0,24,1,,,,
2020-12-26,1.03E-05,0.020852512,0.000180521,3.30E-13,1.18E-05,3.54E-10,0,0,0,0,0,0,0.001296554,692.1364674,50.40107226,5.96E-10,144.993741,10.14516553,0,67,5,0,24,1,,,,
2020-12-27,9.42E-06,0.019674662,0.000167524,2.81E-13,1.01E-05,3.07E-10,0,0,0,0,0,0,0.001209665,706.0026827,51.31720599,5.10E-10,147.2879758,10.30431011,0,68,5,0,24,1,,,,
2020-12-28,8.63E-06,0.018363905,0.000155453,2.39E-13,8.86E-06,2.65E-10,0,0,0,0,0,0,0.001135521,718.346943,52.4573476,4.39E-10,149.8138492,10.53869745,0,69,5,0,25,2,,,,
2020-12-29,7.95E-06,0.017111702,0.000144291,2.03E-13,7.60E-06,2.31E-10,0,0,0,0,0,0,0.001067737,731.6281837,53.52272883,3.79E-10,152.6028166,10.71505466,0,69,5,0,25,2,,,,
2020-12-30,7.31E-06,0.01610411,0.0001341,1.72E-13,6.66E-06,1.99E-10,0,0,0,0,0,0,0.001003784,745.443963,54.54139405,3.28E-10,154.2563089,10.95528118,0,70,5,0,25,2,,,,
2020-12-31,6.73E-06,0.015066093,0.000124415,1.46E-13,5.85E-06,1.72E-10,0,0,0,0,0,0,0.000941771,753.1390712,55.55184626,2.85E-10,156.007351,11.22599109,0,71,5,0,25,2,,,,
2021-01-01,6.19E-06,0.014110954,0.000115475,1.24E-13,5.06E-06,1.49E-10,0,0,0,0,0,0,0.000879753,765.7110418,56.44116422,2.46E-10,157.1906032,11.36054296,0,71,5,0,26,2,,,,
2021-01-02,5.70E-06,0.013218953,0.000107299,1.06E-13,4.43E-06,1.29E-10,0,0,0,0,0,0,0.000824859,775.860842,57.65944778,2.12E-10,159.4485003,11.57834737,0,71,5,0,26,2,,,,
2021-01-03,5.26E-06,0.012422104,9.95E-05,8.93E-14,3.84E-06,1.11E-10,0,0,0,0,0,0,0.000772621,787.904014,58.78681295,1.83E-10,161.1623613,11.79464645,0,73,5,0,26,2,,,,
2021-01-04,4.83E-06,0.01153467,9.24E-05,7.58E-14,3.28E-06,9.63E-11,0,0,0,0,0,0,0.000721648,797.0145768,60.09222132,1.57E-10,162.9244953,12.01953347,0,72,5,0,26,2,,,,
2021-01-05,4.42E-06,0.010878146,8.59E-05,6.44E-14,2.84E-06,8.31E-11,0,0,0,0,0,0,0.000673141,805.4083158,61.06201273,1.34E-10,164.3467619,12.30319485,0,73,5,0,26,2,,,,
2021-01-06,4.06E-06,0.010095199,7.96E-05,5.50E-14,2.44E-06,7.21E-11,0,0,0,0,0,0,0.000636389,815.0874286,62.27202438,1.17E-10,165.7580028,12.54616707,0,75,6,0,27,2,,,,
2021-01-07,3.72E-06,0.009367869,7.38E-05,4.68E-14,2.13E-06,6.25E-11,0,0,0,0,0,0,0.000594179,823.161795,63.66500485,1.00E-10,167.5392095,12.76382317,0,74,6,0,27,2,,,,
2021-01-08,3.42E-06,0.008807099,6.85E-05,3.99E-14,1.83E-06,5.42E-11,0,0,0,0,0,0,0.000559349,833.5314054,64.81850519,8.77E-11,169.3912942,12.98623769,0,75,6,0,27,2,,,,
2021-01-09,3.15E-06,0.008177241,6.33E-05,3.39E-14,1.59E-06,4.70E-11,0,0,0,0,0,0,0.000522546,843.5515357,65.77073464,7.63E-11,171.2553621,13.21894734,0,75,6,0,27,2,,,,
2021-01-10,2.90E-06,0.007579115,5.87E-05,2.89E-14,1.36E-06,4.07E-11,0,0,0,0,0,0,0.000489231,850.9180019,67.14188529,6.48E-11,172.8302364,13.44706763,0,76,6,0,27,2,,,,
2021-01-11,2.67E-06,0.007057757,5.44E-05,2.47E-14,1.17E-06,3.51E-11,0,0,0,0,0,0,0.00045816,859.060588,68.28910431,5.49E-11,173.710752,13.80685513,0,75,6,0,27,2,,,,