"date","variable","strat","type","median","mean","sd","lower_90","lower_50","lower_20","upper_20","upper_50","upper_90"
2020-10-01,"R",NA,"estimate",1.04164251693341,1.06059686797557,0.151955438407571,0.84691565181549,0.962495270887064,1.01366677856572,1.07476444633258,1.14152919386951,1.33750224539614
2020-10-02,"R",NA,"estimate",1.0348831481434,1.04663217587862,0.118717674476148,0.872341939388902,0.966028687450585,1.00946836115021,1.06165098488199,1.11418255859516,1.25555231374791
2020-10-03,"R",NA,"estimate",1.02712042853623,1.03403199768522,0.0925198822343004,0.895538037802936,0.970694273896488,1.00314342472373,1.0512374085622,1.09273380975041,1.19612918606388
2020-10-04,"R",NA,"estimate",1.01964001306107,1.02262108348992,0.0733963962972936,0.908773368658631,0.971530542908176,1.00008698151561,1.03791359836751,1.07080608271984,1.14398471344244
2020-10-05,"R",NA,"estimate",1.00990160731954,1.01228925976897,0.0614332538426284,0.918277578575288,0.969803566195198,0.993573107510409,1.02522933908133,1.0504796389526,1.11824096274928
2020-10-06,"R",NA,"estimate",1.00024729445636,1.00298452973628,0.0560984900739556,0.916499624634569,0.966648930298095,0.987910295838973,1.01327181382394,1.03551847799653,1.09694109517016
2020-10-07,"R",NA,"estimate",0.993665048775543,0.994701156621916,0.0557475166398705,0.910838502921819,0.960670817506138,0.98110258843903,1.00564609744931,1.02825391977473,1.08653501751142
2020-10-08,"R",NA,"estimate",0.987566892411001,0.987463846953995,0.0582287556918532,0.897008097743843,0.952974569268315,0.976556377741139,1.00084994471276,1.02263461096703,1.08028101945903
2020-10-09,"R",NA,"estimate",0.985746433330208,0.981310068239592,0.0618390254500491,0.874385786502828,0.945314622242978,0.970890952421753,0.998003555338894,1.01943455274697,1.07395482390742
2020-10-10,"R",NA,"estimate",0.983064837298742,0.976272786455927,0.0655647724321293,0.858453600005721,0.940174618108176,0.96741072362531,0.995938340028802,1.01632601126632,1.07065540374106
2020-10-11,"R",NA,"estimate",0.979018784170603,0.972365538806854,0.0688669428014746,0.847787552943746,0.9322285736033,0.963447880733788,0.994511139971886,1.01471371213145,1.07301838477113
2020-10-12,"R",NA,"estimate",0.975983045594611,0.969570959351777,0.0714597595162866,0.84245874202631,0.926899436096874,0.959725175469948,0.992174624064446,1.01630162762097,1.07601144932417
2020-10-13,"R",NA,"estimate",0.976326768752532,0.967832936632559,0.0731955988350512,0.836369313788125,0.922550501971638,0.957163066640219,0.990593355645999,1.01790134092347,1.07818341247703
2020-10-14,"R",NA,"estimate",0.975258115917182,0.967051808845974,0.0740271098394255,0.836876995607723,0.919115499051932,0.955317441005428,0.990470701220847,1.0179382926523,1.07697390580835
2020-10-15,"R",NA,"estimate",0.971949800847517,0.967081618225769,0.0740052678288142,0.836827022623348,0.916946470577087,0.956612168269841,0.990201301848177,1.01885173748702,1.07915316707051
2020-10-16,"R",NA,"estimate",0.971502121743376,0.967728522706391,0.073285854383377,0.840383465681028,0.920988938617294,0.953913155753644,0.98790276009841,1.01930273771834,1.08082295473329
2020-10-17,"R",NA,"estimate",0.969503524654254,0.968749911676909,0.0721281794210811,0.846110866255234,0.923997763098417,0.952946529019708,0.988507748080185,1.01915925443862,1.07852033831781
2020-10-18,"R",NA,"estimate",0.969201237014645,0.969854405007796,0.070874802733271,0.854697917644543,0.925800318270209,0.952514948017606,0.987603512484278,1.01816678059799,1.07773022342846
2020-10-19,"R",NA,"estimate",0.970520528516173,0.970703517726863,0.0699033088054978,0.856575359991241,0.926738150999536,0.953004570698855,0.987129454963967,1.01729392592268,1.08117114776178
2020-10-20,"R",NA,"estimate",0.970708407215227,0.970916166452637,0.0695488572481239,0.864972527682273,0.92711777267557,0.953721803441109,0.985934006620198,1.01391886464441,1.08099141345131
2020-10-21,"R",NA,"estimate",0.968236122659433,0.97007725698344,0.0700153559816686,0.860803166483906,0.925034664107658,0.951591474156589,0.985329048121908,1.01309341552096,1.08473028976985
2020-10-22,"R",NA,"estimate",0.963014739894039,0.967751274158745,0.0713140148295161,0.85810324219991,0.921696616710712,0.946959937564761,0.982159083772215,1.0112557500465,1.08211430995056
2020-10-23,"R",NA,"estimate",0.957719773996427,0.963501124097575,0.0732642138153601,0.851935515277395,0.91674301460386,0.939826623590684,0.975950641279864,1.00877443569455,1.08633876910808
2020-10-24,"R",NA,"estimate",0.950005729904646,0.956911572619702,0.0755549166138557,0.845350268751712,0.907484548848737,0.933286318891577,0.96820899970639,1.00003587061019,1.08660970760671
2020-10-25,"R",NA,"estimate",0.943047767421718,0.947615676534983,0.0778295682194925,0.834388449561757,0.895748227520778,0.923469964984096,0.960213166306761,0.990669264363793,1.09628355640525
2020-10-26,"R",NA,"estimate",0.928665967919102,0.935321839748341,0.0797566825963071,0.81969219603655,0.880606495144089,0.907122968178653,0.947157547302215,0.979858319455891,1.08131023408757
2020-10-27,"R",NA,"estimate",0.910080675250363,0.919838720861872,0.0810726463468381,0.803569897623733,0.86325122775275,0.890417184480214,0.933359651827573,0.96716904923074,1.07185476940519
2020-10-28,"R",NA,"estimate",0.890690508469541,0.90109524278151,0.0816052090334886,0.786159306164548,0.843086798342881,0.870079584747888,0.913767027220454,0.947912134193471,1.04847390601331
2020-10-29,"R",NA,"estimate",0.868553575867993,0.879153363133993,0.0812934614217099,0.762941891973146,0.821611902906977,0.848365018157033,0.889578564992769,0.925295562430145,1.02966819202016
2020-10-30,"R",NA,"estimate",0.844641878629376,0.854211949493924,0.080215353162274,0.73590711260621,0.798291030961567,0.826413225697898,0.864871526825207,0.898349781299233,1.00535529159573
2020-10-31,"R",NA,"estimate",0.818980808104922,0.826600961924404,0.078622361447663,0.712917253846354,0.773939095957264,0.801293353421262,0.838416747910985,0.870426417663775,0.970285985722533
2020-11-01,"R",NA,"estimate",0.793381001124489,0.79676610717599,0.0769653098649845,0.680569706366937,0.745887586923191,0.774448458218508,0.812097794696539,0.838957887756839,0.932234404709098
2020-11-02,"R",NA,"estimate",0.762732176855044,0.765245132000829,0.0758769477506539,0.648563753837327,0.7139411192968,0.74578702288267,0.781957957297256,0.809405515355852,0.893322764473193
2020-11-03,"R",NA,"estimate",0.733181458846184,0.732637863700436,0.0760673817751472,0.614125759427894,0.682546341822251,0.714991540546991,0.750697975827503,0.780475603518145,0.854056610166194
2020-11-04,"R",NA,"estimate",0.70319793153759,0.699572822291202,0.0781224920943601,0.573179822547922,0.649936477544963,0.684840721884446,0.719640961211563,0.749850446692789,0.821128693729979
2020-11-05,"R",NA,"estimate",0.671988819137075,0.666673553524186,0.0822918902187095,0.525284646200709,0.613527592899529,0.651365759060422,0.688982077503665,0.722018789552616,0.791810106601319
2020-11-06,"R",NA,"estimate",0.638833111389596,0.634527689766919,0.0884156528790855,0.477788679219547,0.578684258746825,0.61835642949672,0.660354714346557,0.694103620455242,0.772711580643396
2020-11-07,"R",NA,"estimate",0.609626506486416,0.603661205542696,0.0960396902546417,0.441711904020831,0.540881370194632,0.581408363811874,0.633495714961313,0.671133379608306,0.754981135366624
2020-11-08,"R",NA,"estimate",0.580681286691262,0.574519557524793,0.104613481637475,0.39237924295132,0.504548609090495,0.552681825096373,0.607672295442115,0.649983067759516,0.739250176502635
2020-11-09,"R",NA,"estimate",0.554736086310017,0.547456529617393,0.113645526510649,0.347419559304355,0.470727480966409,0.525169218071578,0.584274536908601,0.631382252023297,0.717902527390781
2020-11-10,"R",NA,"estimate",0.531986782820802,0.522730726257651,0.122775271205568,0.306563521795417,0.441714507239909,0.49889546039664,0.56394183413358,0.613104291358803,0.710471607120892
2020-11-11,"R",NA,"estimate based on partial data",0.509245039514333,0.50050884928631,0.13178105079166,0.271335334552873,0.411906151410782,0.475889666624083,0.544345815948317,0.59551796938704,0.700839942185644
2020-11-12,"R",NA,"estimate based on partial data",0.488405536701824,0.480874279613469,0.1405568304682,0.238837893871196,0.384735459347759,0.451411833661901,0.526824364778031,0.57867478759576,0.69567420940454
2020-11-13,"R",NA,"estimate based on partial data",0.475040010045229,0.463839188747505,0.149082493905085,0.209727477305724,0.358485340132113,0.432853144672913,0.512275216804888,0.569706880773294,0.699674742761776
2020-11-14,"R",NA,"estimate based on partial data",0.460595380060488,0.449358455121883,0.157400450125074,0.185905160445984,0.333712535164705,0.415295841921359,0.499353758545686,0.559148832893255,0.698822059022588
2020-11-15,"R",NA,"estimate based on partial data",0.445274586765675,0.437343955887071,0.165601760488673,0.162798260098669,0.316356899676429,0.399750767068097,0.488778969479433,0.551806712982056,0.710041650464239
2020-11-16,"R",NA,"estimate based on partial data",0.43090090626358,0.427678183980577,0.173820064404606,0.13944250433571,0.296735016723557,0.389542748811757,0.480072650942017,0.549016152009822,0.71625267603585
2020-11-17,"R",NA,"estimate based on partial data",0.422989886572618,0.420226471163805,0.182230876442099,0.122609744633231,0.283821464476747,0.378044146276848,0.470606595332735,0.549328297106642,0.725171870992229
2020-11-18,"R",NA,"estimate based on partial data",0.41120455819791,0.414847324080117,0.191054934765963,0.108345920640779,0.272816497564601,0.363455431406411,0.464553789805605,0.545903898374545,0.730464361296774
2020-11-19,"R",NA,"estimate based on partial data",0.406719628463258,0.411400510044405,0.200564571977928,0.0935421193895804,0.265609077081965,0.352263506624637,0.45810622092861,0.546104330500214,0.752288194706996
2020-11-20,"R",NA,"estimate based on partial data",0.402092833404582,0.40975260741489,0.211090567133244,0.0818072326355221,0.256383515729494,0.345195464233006,0.456799657873486,0.546189614460409,0.763409068734026
2020-11-21,"R",NA,"estimate based on partial data",0.392884266751745,0.409779831504143,0.223024830350866,0.0747023349390624,0.247716010608047,0.339910552019089,0.456925866772736,0.546887983773204,0.778287563805528
2020-11-22,"R",NA,"estimate based on partial data",0.388176619116577,0.411368144086256,0.236813533346801,0.0639594796540697,0.242103687084549,0.335741223680725,0.456749171938717,0.551405460959667,0.803611265331027
2020-11-23,"R",NA,"forecast",0.388394709768468,0.414411018381443,0.252936628583496,0.0555900011176395,0.236296480743055,0.331204128277884,0.453293908796955,0.551601674651226,0.828297594096828
2020-11-24,"R",NA,"forecast",0.390465303463137,0.418805765622655,0.271872782973539,0.0551898141308032,0.230755299789331,0.32900173831546,0.45339898111386,0.556606030412442,0.86045323607422
2020-11-25,"R",NA,"forecast",0.390187083311127,0.424449944723784,0.294055206323865,0.0502381171410258,0.224854412267483,0.325876231426618,0.458609383951351,0.564231932102618,0.87969566453918
2020-11-26,"R",NA,"forecast",0.387767272199189,0.431239883316503,0.319837490840234,0.0460153100133953,0.223379620304803,0.323010547131832,0.459990072036603,0.571207964901911,0.904246245188931
2020-11-27,"R",NA,"forecast",0.385416968971568,0.439073451806337,0.349507332647046,0.0427096774583883,0.219336891693303,0.317568514190986,0.463249506021038,0.580144307221487,0.94274472610592
2020-11-28,"R",NA,"forecast",0.384924950272458,0.447858620595973,0.383392529513602,0.0407006473052056,0.217660064966259,0.317015991292195,0.467428130406987,0.591834104572811,0.98843917601135
2020-11-29,"R",NA,"forecast",0.38547811122431,0.457527785831221,0.422072773299614,0.0380571541086389,0.212829803740712,0.3151200780658,0.470923927423953,0.600054363128159,1.08871186999876
NA,"day_of_week","Friday",NA,1.08859210699872,1.0951180116641,0.131339784273804,0.884117360045563,1.00971911340263,1.06079945988494,1.1202662967851,1.17113009858207,1.31613091241557
NA,"day_of_week","Monday",NA,1.04173316446096,1.04644925867374,0.122808120990258,0.859917907091237,0.956407816038267,1.01122327798145,1.07617832172806,1.12640852636653,1.24884233696945
NA,"day_of_week","Saturday",NA,0.708896872981302,0.718188567742106,0.0971639214933674,0.573951469450325,0.650269213099565,0.686889402975015,0.739350731774822,0.778712062825643,0.891352838254023
NA,"day_of_week","Sunday",NA,0.750115212839622,0.75697329677037,0.100820007761379,0.60470460210198,0.688823687486121,0.723902753194319,0.775968080004769,0.818921668417636,0.936171338253035
NA,"day_of_week","Thursday",NA,1.06396318273004,1.07251163449344,0.136729797924556,0.866470128612453,0.982571758806526,1.03042408854445,1.09779408429209,1.15309301970896,1.31471713106168
NA,"day_of_week","Tuesday",NA,1.11537440658508,1.1214263816446,0.132031774285832,0.908036209917439,1.02777848253647,1.07990229734518,1.151266243181,1.21954763106668,1.33832591291442
NA,"day_of_week","Wednesday",NA,1.17655513931516,1.18933284901164,0.14075893664135,0.968350729591988,1.09031369336909,1.14912373479037,1.21278762023891,1.28130409738871,1.43076119659036
NA,"delay_mean","1",NA,1.62045584452383,1.62048308926973,0.00808144058947648,1.60695869199973,1.61537741011842,1.61860214037858,1.62274628876765,1.62570082267325,1.63383614513628
NA,"delay_mean","2",NA,1.28340469267511,1.28311191015022,0.0229432255771916,1.24504779105615,1.26723609823207,1.27742648304309,1.28927514726155,1.29866382553035,1.32036436850042
NA,"delay_sd","1",NA,0.417559127490222,0.417371034799726,0.00848682205860009,0.403367815281034,0.411883818526738,0.415381152713904,0.419422962155362,0.422987604415184,0.431544142710896
NA,"delay_sd","2",NA,1.14141584075589,1.14159150559763,0.0151402622492521,1.116229088588,1.13157885622492,1.13786018154887,1.14513714628886,1.15174421744951,1.16629996587514
2020-10-01,"growth_rate",NA,"estimate",0.0116035107549453,0.0157325570454503,0.0407666686903656,-0.0435401645083893,-0.0103618281186004,0.00367427719457162,0.0206467014829532,0.0377124831399984,0.0894497571006565
2020-10-02,"growth_rate",NA,"estimate",0.0095763181409397,0.0122472225554017,0.0321102795543503,-0.0357173789987049,-0.00939868318323806,0.0026589825452006,0.01664678947,0.0306167199289538,0.0684854892645446
2020-10-03,"growth_rate",NA,"estimate",0.00746285286251089,0.00901370793520051,0.0251741101546885,-0.0289627408483665,-0.00811915008602823,0.000875807538862106,0.0139500417857834,0.0250666983409282,0.0524585760976826
2020-10-04,"growth_rate",NA,"estimate",0.00537077613274583,0.00601546712194243,0.0200514546095248,-0.0253012396873883,-0.00770970176551059,2.37987041070632e-05,0.010195065714153,0.0193547653730363,0.0392438480135593
2020-10-05,"growth_rate",NA,"estimate",0.00274522068115065,0.00324783742599334,0.0168299690818434,-0.022863081849356,-0.00813049189301148,-0.00178534667641422,0.00698406732466343,0.0136576856781444,0.0315571544153209
2020-10-06,"growth_rate",NA,"estimate",6.95525154603556e-05,0.00071677595053478,0.0154130710938606,-0.0233057410983771,-0.00914275896259851,-0.00336258315474895,0.00361856503897526,0.00980300333877773,0.0265863660983971
2020-10-07,"growth_rate",NA,"estimate",-0.00174627377578139,-0.00156370663699556,0.0153741840461965,-0.0248416569303053,-0.0111223208413773,-0.00517230832229477,0.0015864937658589,0.00763247508313613,0.0233077692811719
2020-10-08,"growth_rate",NA,"estimate",-0.00343798881829801,-0.00357507937767223,0.0161221656378973,-0.0293577932536891,-0.0130808247090848,-0.00649776029992732,0.000240666222345102,0.00624354380568359,0.021933569834278
2020-10-09,"growth_rate",NA,"estimate",-0.00392891080407828,-0.00529830543948754,0.0171793349380249,-0.0348670143796624,-0.0154062576884377,-0.00799144537180313,-0.000564470838984749,0.00538269112446945,0.0200406773226155
2020-10-10,"growth_rate",NA,"estimate",-0.00472514746830894,-0.00671782624413947,0.018258914670062,-0.0399031379103904,-0.0166831245018993,-0.00915128699604502,-0.0011081625016538,0.00448183911994298,0.0191681334246473
2020-10-11,"growth_rate",NA,"estimate",-0.00588207206539918,-0.00782509292624222,0.0192085520633641,-0.0424694756106471,-0.0190904289049187,-0.0100477578269696,-0.00153520774089745,0.0041026734192022,0.0197066172997755
2020-10-12,"growth_rate",NA,"estimate",-0.00658914675433437,-0.00862138692306733,0.0199489679606045,-0.043987285705092,-0.0205246386816473,-0.0110885456797178,-0.00216909259921639,0.00448081900030504,0.0204433232709005
2020-10-13,"growth_rate",NA,"estimate",-0.00666573969483775,-0.00911985570716537,0.020440924495335,-0.0453385799849777,-0.0215712267523813,-0.0119102951104033,-0.00260830736499277,0.00492821010787653,0.021394233185158
2020-10-14,"growth_rate",NA,"estimate",-0.00686262275040652,-0.00934683941070838,0.0206733829565897,-0.0463214415900953,-0.0225371755611369,-0.0124583118634158,-0.00264055032698036,0.00504268677045329,0.0212841918510853
2020-10-15,"growth_rate",NA,"estimate",-0.00777541419026635,-0.00934264121941103,0.0206619829006388,-0.0463716464762836,-0.0230626327612392,-0.0119259207466726,-0.0026652164162571,0.0051693413281081,0.0214525431393726
2020-10-16,"growth_rate",NA,"estimate",-0.0078195111993691,-0.00916188738519298,0.0204504522695524,-0.0456203404967857,-0.021890955169331,-0.0128047189166938,-0.00333564663242324,0.00534644213820883,0.0217019480067285
2020-10-17,"growth_rate",NA,"estimate",-0.00854472060292542,-0.00887354694260382,0.0201104377304307,-0.0434042226128469,-0.0211438360111108,-0.0129685998210466,-0.00315433946632731,0.00526838988962317,0.0214913597817164
2020-10-18,"growth_rate",NA,"estimate",-0.00838291680002549,-0.00856057053182106,0.0197365996955,-0.0412318135078723,-0.0206069430736793,-0.0133923112275528,-0.00339184557590735,0.0049627431845533,0.0213967853075571
2020-10-19,"growth_rate",NA,"estimate",-0.00815589083631759,-0.00831900189394227,0.0194344868649159,-0.0403957249575292,-0.0201887875549811,-0.0131013396515624,-0.00350069007721047,0.00473012501779596,0.0221273475651238
2020-10-20,"growth_rate",NA,"estimate",-0.00819834281996982,-0.00825634943289838,0.0193005371384147,-0.0374978033399382,-0.0202878419706619,-0.0127121541602299,-0.00386986422652558,0.00388507233851226,0.0220635815034632
2020-10-21,"growth_rate",NA,"estimate",-0.00886979367448063,-0.00848900185297557,0.0193982018294229,-0.0388576463059819,-0.0209681649304517,-0.0132308182638912,-0.00410974604124769,0.00358088841957613,0.0230102255686804
2020-10-22,"growth_rate",NA,"estimate",-0.0101934092000059,-0.00913853956563111,0.0197398205585222,-0.0405944879577971,-0.0218330369631966,-0.01483983912607,-0.00491723207059342,0.0031004919550716,0.0223882897598158
2020-10-23,"growth_rate",NA,"estimate",-0.0116974008936597,-0.0103269247584861,0.0202840136126614,-0.0419893304305741,-0.0233898864408005,-0.0167715833220246,-0.00652242692250627,0.00247343000514768,0.0234490697530986
2020-10-24,"growth_rate",NA,"estimate",-0.0139210766794344,-0.0121707251608294,0.0209497879494272,-0.0437954240683515,-0.0261401867876997,-0.018482684452215,-0.00872281580600919,9.68826662372809e-06,0.0241829820294784
2020-10-25,"growth_rate",NA,"estimate",-0.0157751383705588,-0.0147747058437405,0.0216388773991783,-0.0467831402514466,-0.0292429315623138,-0.0213678387726068,-0.0109780460643421,-0.00254884647065009,0.0260639953503827
2020-10-26,"growth_rate",NA,"estimate",-0.0199290971444151,-0.0182252725199568,0.0222563194038214,-0.0512667091637781,-0.03332191426622,-0.0258084970118972,-0.0146281011490391,-0.00552166613728336,0.022199300245086
2020-10-27,"growth_rate",NA,"estimate",-0.025261370880382,-0.0225843378038417,0.0227247715837271,-0.0556861064532411,-0.0384438428235199,-0.0305711109370944,-0.0186766281202899,-0.00914832155180047,0.0192957228101162
2020-10-28,"growth_rate",NA,"estimate",-0.0307268119513699,-0.0278841923688831,0.0229936734906557,-0.0613908830334237,-0.0443186359608253,-0.0362750607786954,-0.0240783754177716,-0.0145516885796828,0.0131213188125669
2020-10-29,"growth_rate",NA,"estimate",-0.0368371940761245,-0.0341238965089318,0.023046565176766,-0.0670982270108997,-0.050521467104238,-0.0424071788780162,-0.030873497938434,-0.0206887443434903,0.00797284002193623
2020-10-30,"growth_rate",NA,"estimate",-0.0439860089022013,-0.0412675778633328,0.0229091808167294,-0.0750105743064914,-0.0568470154057746,-0.048782173774636,-0.0378573652132045,-0.0281475813134643,0.00149764256711152
2020-10-31,"growth_rate",NA,"estimate",-0.0509848740224196,-0.0492448476056238,0.0226585257721076,-0.0828863099627247,-0.0642270591173368,-0.0563429430887063,-0.0456213151550521,-0.0363674970783206,-0.00806967978435695
2020-11-01,"growth_rate",NA,"estimate",-0.0587913675569825,-0.0579533508297429,0.0224293146070789,-0.092102576566581,-0.0725199072657637,-0.0641687307313637,-0.052873410045895,-0.0454988755370756,-0.0188136924576236
2020-11-02,"growth_rate",NA,"estimate",-0.067899325644858,-0.0672632681622121,0.0224090174790377,-0.101988053796019,-0.0822825624193674,-0.0725103828275125,-0.0626040811498499,-0.0540325170201225,-0.0298090766466346
2020-11-03,"growth_rate",NA,"estimate",-0.0765566165533421,-0.0770234076378037,0.0228095941599121,-0.113269761816641,-0.091714830526582,-0.0820771220616921,-0.0715627584846782,-0.0623575949792686,-0.0416576871913672
2020-11-04,"growth_rate",NA,"estimate",-0.0854528126170971,-0.087068392232616,0.023812592629308,-0.125566368792325,-0.10150614535033,-0.0917718975805838,-0.0804945435180755,-0.0712311364416171,-0.0502182974247405
2020-11-05,"growth_rate",NA,"estimate",-0.0956471300966012,-0.0972263770571848,0.0255098645055259,-0.141636664554873,-0.113433095020335,-0.10138019923446,-0.090110593430922,-0.0800865022931751,-0.0584836525566407
2020-11-06,"growth_rate",NA,"estimate",-0.10519345737809,-0.107326724853852,0.0278790973188529,-0.156509658623903,-0.123986175340807,-0.111979361547714,-0.0992016972789595,-0.0886877012986134,-0.0648245071540691
2020-11-07,"growth_rate",NA,"estimate",-0.11478852349861,-0.117207116890013,0.0308085323976419,-0.170992331258643,-0.136332546276372,-0.123055959948876,-0.106703348548804,-0.0957673215478486,-0.0699453021055116
2020-11-08,"growth_rate",NA,"estimate",-0.123461258761192,-0.126719659674965,0.0341455785524462,-0.188503114878558,-0.14901204465252,-0.13231451501275,-0.11503642446395,-0.102197513070149,-0.0754873690738596
2020-11-09,"growth_rate",NA,"estimate",-0.13205471310692,-0.135735654044697,0.0377383217460552,-0.202827293142558,-0.159330016360457,-0.14128964929148,-0.122481422488328,-0.107753717068754,-0.0809068851416393
2020-11-10,"growth_rate",NA,"estimate",-0.138921491571657,-0.144148820477044,0.0414586302004727,-0.220886829087164,-0.170576355769883,-0.151126460694403,-0.129170456414239,-0.114497510577276,-0.0838349701047363
2020-11-11,"growth_rate",NA,"estimate based on partial data",-0.146991940588888,-0.151876921139534,0.0452101049648272,-0.232018724283488,-0.180811485427687,-0.159246259762122,-0.135461701950592,-0.118911696019245,-0.0858474500644882
2020-11-12,"growth_rate",NA,"estimate based on partial data",-0.153149155502664,-0.158861869921892,0.0489273606556867,-0.245811029601109,-0.190764557656384,-0.167037755486182,-0.14059860791726,-0.12425789177492,-0.0873254951738058
2020-11-13,"growth_rate",NA,"estimate based on partial data",-0.158051612609735,-0.165068548977675,0.0525716972772674,-0.257022152427504,-0.199897993566121,-0.172944317086172,-0.145602208324721,-0.127615798809914,-0.0882241112626614
2020-11-14,"growth_rate",NA,"estimate based on partial data",-0.163362699531706,-0.170482629820469,0.0561262397008613,-0.268144394570876,-0.209446767737797,-0.179218185566568,-0.15018427010183,-0.130298840681506,-0.0861755844479794
2020-11-15,"growth_rate",NA,"estimate based on partial data",-0.168056427612943,-0.175107722913588,0.0595920056588844,-0.278308297854019,-0.216642315244714,-0.185318694727997,-0.154109620920988,-0.132845649062553,-0.0825838994097439
2020-11-16,"growth_rate",NA,"estimate based on partial data",-0.172692051825984,-0.178962165413031,0.0629852495807355,-0.287395402945715,-0.223260594945996,-0.189389832206428,-0.157228063010367,-0.133280875573012,-0.0827266835182144
2020-11-17,"growth_rate",NA,"estimate based on partial data",-0.175377950207473,-0.182075723242868,0.0663358471685127,-0.297523456442225,-0.229305686949056,-0.193640323822538,-0.160722519081385,-0.133569396138471,-0.0788963412796499
2020-11-18,"growth_rate",NA,"estimate based on partial data",-0.178919587368832,-0.184486446402173,0.0696862954446235,-0.305105734354812,-0.232935611444841,-0.197573205554938,-0.162809959046567,-0.134293649970928,-0.0768836414280636
2020-11-19,"growth_rate",NA,"estimate based on partial data",-0.181798016732943,-0.186237879421298,0.0730908412586357,-0.313140116341573,-0.23669962540006,-0.201600714349788,-0.164076767316861,-0.135106826589791,-0.0697674518030457
2020-11-20,"growth_rate",NA,"estimate based on partial data",-0.184454850755658,-0.187376786750119,0.0766141354503707,-0.317899666130265,-0.239362612361953,-0.204486048583782,-0.164940996947374,-0.135004583822071,-0.0670251027035815
2020-11-21,"growth_rate",NA,"estimate based on partial data",-0.187937763355357,-0.187951495608779,0.0803286952285752,-0.322879409267455,-0.242876420559494,-0.206974629593649,-0.165060438821356,-0.135114375831535,-0.0614385884241505
2020-11-22,"growth_rate",NA,"estimate based on partial data",-0.188733985986139,-0.188010877682438,0.0843105809197977,-0.326759477251669,-0.245563410367307,-0.207751924484365,-0.166702179592034,-0.134477633465003,-0.0565466485923051
2020-11-23,"growth_rate",NA,"forecast",-0.189463813913962,-0.1876038846019,0.0886332487144113,-0.330591948051217,-0.246632728772571,-0.2103285424352,-0.166235517623005,-0.133357350369319,-0.0481148459219879
2020-11-24,"growth_rate",NA,"forecast",-0.188467663327398,-0.186779432410649,0.0933605054603008,-0.332776434777487,-0.249435204328562,-0.211223320467924,-0.165324795518782,-0.131659832346675,-0.0396904067606775
2020-11-25,"growth_rate",NA,"forecast",-0.187296943158692,-0.18558632531757,0.0985406476264397,-0.336937745417736,-0.250552670296453,-0.211746390399695,-0.165235679355891,-0.129593933347776,-0.033652156787709
2020-11-26,"growth_rate",NA,"forecast",-0.188036898576296,-0.184072859386798,0.104204873153576,-0.336975844742452,-0.252477909085314,-0.212357380992784,-0.16465746023502,-0.126375522001029,-0.0264642921433251
2020-11-27,"growth_rate",NA,"forecast",-0.187943913156636,-0.182285793277151,0.110373350653827,-0.340859378175538,-0.253049955996283,-0.214504918230084,-0.163941334695888,-0.123988145359012,-0.0160192804790083
2020-11-28,"growth_rate",NA,"forecast",-0.188960418567963,-0.18026853844756,0.117071060097199,-0.344170512855907,-0.255134572289235,-0.215085929525222,-0.162687611961727,-0.120320141194626,-0.00311903163562971
2020-11-29,"growth_rate",NA,"forecast",-0.188794562905292,-0.178058688673995,0.124352013098418,-0.34626129780868,-0.257051927486293,-0.215551212550568,-0.160086702332609,-0.117111308017708,0.0240802814279592
NA,"gt_mean",NA,NA,3.63845771092581,3.63651299789254,0.0894155681636484,3.4923220336006,3.57677275295439,3.61603357072721,3.6586472764959,3.69300509658897,3.78980036916958
NA,"gt_sd",NA,NA,3.07858600551871,3.07559639117774,0.0977523378740389,2.91640585265209,3.01833850578749,3.05657207018604,3.1007090940751,3.1325622162526,3.23402443897925
2020-09-19,"infections",NA,"estimate",14.6270264503227,14.7243767073926,1.4612644709782,12.3967802868372,13.7948414742712,14.3054624200478,14.9724810120111,15.5751766599593,17.3068805183643
2020-09-20,"infections",NA,"estimate",28.465383465596,28.5731022177953,2.77481625396036,24.3411296610254,26.6557736753618,27.730065257337,29.1624615525045,30.2622623932476,33.4278848429562
2020-09-21,"infections",NA,"estimate",38.6949111708594,38.9527048726947,3.88253856832096,32.9192879562421,36.2493724293825,37.7230778884753,39.7414513569015,41.5330846681577,45.6314603782941
2020-09-22,"infections",NA,"estimate",47.2015826422708,47.3464007109794,4.44450586931059,40.3138401120221,44.2001383517702,45.9902832375152,48.3710631846826,50.2379099294621,54.7018913211029
2020-09-23,"infections",NA,"estimate",58.8693859040018,59.136471360659,5.6715852159512,49.8571959580189,55.2482101685216,57.4779998793436,60.4256536301986,62.900504449477,69.006277021855
2020-09-24,"infections",NA,"estimate",70.4136480741878,70.9001950043886,6.81785003109852,60.224967256976,66.1471623112194,68.8366712100408,72.4864523943623,75.4533602070372,82.3902285456193
2020-09-25,"infections",NA,"estimate",86.4786496443064,87.1048919234603,9.06390154580819,73.2921131298768,80.6013034683359,84.2659056400473,89.0353170866396,92.9515462941218,103.102531094826
2020-09-26,"infections",NA,"estimate",83.559165199772,83.8212190539865,8.424902105917,70.7824744503082,77.751560673512,81.3423905889145,85.9281489552352,89.2401277244125,98.0552664326737
2020-09-27,"infections",NA,"estimate",81.6413276100384,81.9829768705627,9.00602802947247,67.8819997691731,75.7130432069832,79.1846962154522,83.786384383963,87.5848036245349,97.5386126282898
2020-09-28,"infections",NA,"estimate",80.225932791661,80.6877941029915,8.08300823622807,67.9414324010688,75.2820215704246,78.2158142588297,82.2209437610609,85.7124943979904,94.1816157244104
2020-09-29,"infections",NA,"estimate",80.8360269162656,81.4375642710305,7.83975205196452,69.9487610980707,75.5983521256314,79.0093870791666,82.8945298483702,86.3086197423355,95.1271043413621
2020-09-30,"infections",NA,"estimate",78.3978853241062,78.433293150468,7.98705411917418,65.7253845727905,72.6338369806257,75.9601640717363,80.5368331331827,83.8096297544869,91.9673382933064
2020-10-01,"infections",NA,"estimate",79.050916327528,80.4219000548483,11.1750654172125,64.6156009347472,73.6005945232502,76.7722929290933,81.4895241376504,86.045458656213,101.041870896199
2020-10-02,"infections",NA,"estimate",79.3822532565261,81.0381657839429,11.6886749485874,64.7361163484943,73.6372180285641,77.2296336808121,82.2582436683785,87.0979452397432,103.01979120269
2020-10-03,"infections",NA,"estimate",79.5872610168967,81.3241341054571,12.0165235865211,64.3954991589586,73.3694743972013,77.2218812145528,82.7309744199142,87.6029450460714,103.68654189037
2020-10-04,"infections",NA,"estimate",79.7532884669554,81.3169465082103,12.0949784665214,64.2509820588276,72.828400548391,77.0470352567531,82.9055038294288,88.0004351791789,104.246595242173
2020-10-05,"infections",NA,"estimate",79.7962285800766,81.0632531422408,11.9687660160712,64.0146902690608,72.5479575789857,76.9454142106347,82.9478460058434,88.0055480789944,102.678651222885
2020-10-06,"infections",NA,"estimate",79.7399860777561,80.6105027920525,11.7024295929146,63.7820224673701,72.2186022335704,76.8350310006404,82.4017361682496,87.2384747799214,100.674656445251
2020-10-07,"infections",NA,"estimate",79.174011447352,80.0044856514392,11.3532414521109,63.5332102484125,71.9996494956451,76.4907909208622,81.9888008550975,86.3105730862684,99.4830989763035
2020-10-08,"infections",NA,"estimate",78.5520646517959,79.2883471311459,10.9665125665486,63.5472611002965,71.6112110303178,75.6284206736621,80.7795346516667,85.4728131898045,98.5885957696364
2020-10-09,"infections",NA,"estimate",77.7574118059979,78.5020147834827,10.5795617760088,63.2130824751753,71.0699914066414,75.0614280338164,80.1358748915034,84.5346073858291,96.9881036189753
2020-10-10,"infections",NA,"estimate",77.1148690984872,77.6815817173712,10.2257813913893,63.0592998248008,70.4467696308611,74.4669244447332,79.3129129621151,83.4563541457786,96.415296905141
2020-10-11,"infections",NA,"estimate",76.2586998816451,76.8584760328003,9.934255904286,62.3760375335332,70.1732599858559,73.7464850450968,78.6074898785459,82.7986381375909,94.8144703680046
2020-10-12,"infections",NA,"estimate",75.385944205644,76.0584726387136,9.72509925923478,61.5861926192276,69.2901136201106,73.1497604056841,77.9738265401691,81.7234567588103,93.3778116442422
2020-10-13,"infections",NA,"estimate",74.7350445150197,75.3007329249635,9.60404041097747,60.8654305453068,68.8723792152449,72.6086087200081,77.3405937425711,81.0982454358799,92.1147860968857
2020-10-14,"infections",NA,"estimate",74.3384418056338,74.5970699051355,9.56042307278741,59.7879448345349,68.0505140305752,72.1396947554533,76.7027033985123,80.6393953768823,90.9614032409474
2020-10-15,"infections",NA,"estimate",73.7843710304754,73.9515575210052,9.57064953902493,59.2442047494325,67.2584673424243,71.5220433727392,76.182672992157,80.0652645822797,90.0848471936726
2020-10-16,"infections",NA,"estimate",73.4701899389122,73.360481855868,9.60561481637023,58.7360451971396,66.6712645123625,70.8242762829923,75.6153644790344,79.5304542140045,88.8258847118435
2020-10-17,"infections",NA,"estimate",72.9439955218123,72.8125272121942,9.6385720320828,57.6706123028105,66.1108289946363,70.142159120032,74.9897656124269,79.2996370000002,88.4817590349741
2020-10-18,"infections",NA,"estimate",72.3446445724376,72.2890491697279,9.65057656816482,56.6933003968529,65.8017299956504,69.8106063597056,74.5086388304396,78.8398591356284,88.1446731719215
2020-10-19,"infections",NA,"estimate",71.8188727597615,71.764323661952,9.63277923259378,56.0147762068253,65.2574668238032,69.2343437093368,74.0240113679435,78.2073477742253,87.9795401956656
2020-10-20,"infections",NA,"estimate",71.2958617258644,71.2056305054532,9.58627043650779,55.7512890779843,64.453581557529,68.5533361823369,73.3651466211621,77.2212021137605,86.9501830565489
2020-10-21,"infections",NA,"estimate",70.3985053876011,70.5737688916918,9.52030446473906,55.3878617571622,63.904533251037,68.075859751588,72.6911212332874,76.5429644461612,87.1350400024372
2020-10-22,"infections",NA,"estimate",69.4463649208119,69.8234267418216,9.44906565047251,54.8615230488069,63.4112945595576,67.3410723108253,71.7533453317503,75.510547886516,86.3653552678433
2020-10-23,"infections",NA,"estimate",68.3136425332086,68.9041337805518,9.38694814743971,54.4879446240811,62.7113155919387,66.310493891328,70.5092494508633,74.1078351045315,85.893373021364
2020-10-24,"infections",NA,"estimate",67.1678408184062,67.7620045744434,9.34283936312259,53.5577618927304,61.5405687011198,65.0449561770016,69.356588090854,72.9730235856481,84.6551405504713
2020-10-25,"infections",NA,"estimate",65.7483434657153,66.3426267049891,9.31520815281812,52.384980195472,59.8405613990525,63.5635900679897,67.7691908965738,71.4764601440145,82.7598296493489
2020-10-26,"infections",NA,"estimate",63.8425971662256,64.5949485103958,9.29003571289646,50.8973393401239,58.36298917102,61.7569534454408,66.1438478583469,69.5603426439183,81.558109855756
2020-10-27,"infections",NA,"estimate",61.7249931625524,62.4765059737405,9.24260897949929,48.8534036079192,56.48253877979,59.6744736535548,63.6887940924546,67.2137696841086,78.8088876451245
2020-10-28,"infections",NA,"estimate",59.1675860084277,59.958622678269,9.1423726054132,46.6985108398259,53.9694151849108,57.0494094624436,61.0374685341625,65.0069505476101,76.7799692955097
2020-10-29,"infections",NA,"estimate",56.1322248048358,57.0320573018142,8.95896138549066,43.9001885691734,50.985366270529,54.1184053845058,58.2009833552351,61.9504092504967,73.6114016866382
2020-10-30,"infections",NA,"estimate",52.8792857627818,53.7114256252334,8.66823062359666,41.0684788793274,47.7740152289616,50.6664554962941,54.6935155687223,58.3566764400626,69.4261461309745
2020-10-31,"infections",NA,"estimate",49.3114215012735,50.0376934441362,8.2576216261514,37.9099336899669,44.3457670903576,47.2205363627851,51.0828427464429,54.5356232545518,65.5535312080388
2020-11-01,"infections",NA,"estimate",45.1999523316532,46.0778145498964,7.73076902317747,34.8146433429878,40.5871833342513,43.4095200845495,47.1989664129364,50.224423129937,59.8610401271397
2020-11-02,"infections",NA,"estimate",41.2944177716639,41.9214078801564,7.11081400350475,31.7240958576696,36.8655834159129,39.4190421372014,42.953108868261,45.8543762829719,54.3474333280393
2020-11-03,"infections",NA,"estimate",37.0743317714296,37.674167920059,6.44174834698282,28.3719427598973,33.1787791580194,35.4220266060523,38.4953060938421,41.4931978354875,48.7313110917
2020-11-04,"infections",NA,"estimate",32.8068713058521,33.4488813701415,5.78640209784627,25.0053574772273,29.4810502956595,31.4940826975998,34.4223331476431,36.9504597790728,43.3018583159673
2020-11-05,"infections",NA,"estimate",28.8892993529474,29.3551626738246,5.21676315325227,21.5163382207418,25.7363383891934,27.7334860846083,30.2661347653813,32.5437735353292,38.2635265691346
2020-11-06,"infections",NA,"estimate",25.1843196826372,25.4894927626647,4.79173975397608,17.8631235904,22.0946885560007,24.1638001205702,26.5160098329043,28.6001249935439,33.5964546625865
2020-11-07,"infections",NA,"estimate",21.810335821549,21.927226767603,4.52826204709918,14.7685210204252,18.852506846006,20.7011007429978,22.8340921620938,24.8176525053077,29.4676230036854
2020-11-08,"infections",NA,"estimate",18.517357451023,18.7179333781541,4.39072954492496,11.6637415008819,15.6551776323429,17.4658055002156,19.6690046291909,21.495571176004,26.3122280625846
2020-11-09,"infections",NA,"estimate",15.72145216726,15.8847113807755,4.3153559084604,8.96299694407866,12.8838919059055,14.6335799605822,16.6945734712577,18.8152019134162,23.3142247089182
2020-11-10,"infections",NA,"estimate",13.2550946254309,13.4271451256084,4.24653840582318,6.76726161127149,10.3775481735803,12.0047116618602,14.3357497021092,16.3281386729418,20.7970727332239
2020-11-11,"infections",NA,"estimate based on partial data",11.1250258912758,11.3266721296669,4.15453783527189,5.02838957103848,8.26089441988588,9.97502264007753,12.1366171892904,13.9855326494691,18.4679168641978
2020-11-12,"infections",NA,"estimate based on partial data",9.19942343384617,9.55276158651837,4.03222447571213,3.70694889216401,6.55014989283013,8.20475083897344,10.2866182406942,12.1524448216949,16.5293526404416
2020-11-13,"infections",NA,"estimate based on partial data",7.61361597795215,8.06857598576759,3.88469838741826,2.6098111026699,5.18117238731768,6.71909853304531,8.68162705177864,10.5349644269971,14.9776870057342
2020-11-14,"infections",NA,"estimate based on partial data",6.31077415362208,6.83541854833773,3.72134103642783,1.81911587368933,4.08748535726281,5.48249923911023,7.30844579873262,9.10800449777088,13.6093236671707
2020-11-15,"infections",NA,"estimate based on partial data",5.20251701288641,5.81583391097357,3.55203874890104,1.23965675857841,3.12943443578469,4.44641774152808,6.15483884975079,7.82532447868946,12.2426493870656
2020-11-16,"infections",NA,"estimate based on partial data",4.34267968348877,4.97552913140644,3.38590244302169,0.895139964849968,2.41767964936872,3.60204174412245,5.18310403057483,6.77293391362802,11.314929204249
2020-11-17,"infections",NA,"estimate based on partial data",3.62423938733225,4.28437083616601,3.23092507921391,0.608527353585211,1.83305728558412,2.86164952444022,4.30646017900617,5.80316047619429,10.4972907457901
2020-11-18,"infections",NA,"estimate based on partial data",2.97648513271955,3.71671497230178,3.09399852772679,0.393961997640868,1.39386564353861,2.35089521208072,3.62771504836969,5.03874855611785,9.86520488568817
2020-11-19,"infections",NA,"estimate based on partial data",2.45002836942612,3.25130536846866,2.98125993655313,0.249383917947497,1.07233923813042,1.93320906142,3.08916348855456,4.39538801307525,9.34115741374604
2020-11-20,"infections",NA,"estimate based on partial data",2.01223357891041,2.87094921021321,2.89887346930509,0.166229152087363,0.815726509260689,1.57424440307562,2.63215431349665,3.83567386429173,8.85034979314048
2020-11-21,"infections",NA,"estimate based on partial data",1.69437144668136,2.56214408899938,2.85446169774315,0.110821206927215,0.636143857635394,1.25406023826266,2.20772129477298,3.37840268381255,8.30890682488272
2020-11-22,"infections",NA,"estimate based on partial data",1.37298999855307,2.31480834302721,2.85983020146423,0.0746909076479581,0.49262626381772,0.995850459111872,1.86551058956026,2.96428015212554,8.2323961755163
2020-11-23,"infections",NA,"forecast",1.12588924906266,2.12228749096397,2.93699411234695,0.0493718616245876,0.386307382649298,0.790054505863884,1.6042862788003,2.60322500943684,7.82650289114363
2020-11-24,"infections",NA,"forecast",0.933414650982076,1.98193650840758,3.13367598568091,0.0319825910749585,0.309323158209798,0.624350672746394,1.3719797957724,2.31110425727455,7.22641690695771
2020-11-25,"infections",NA,"forecast",0.773167578844097,1.89694637063127,3.56658628504126,0.0210883540182111,0.250584967244318,0.503727317490741,1.14308423997023,2.0408374996886,6.83397352863112
2020-11-26,"infections",NA,"forecast",0.631011732375314,1.88103697942914,4.53957607345808,0.0141708943042609,0.192586863203635,0.423308266802519,0.965522735392274,1.81008700482109,6.68612404156264
2020-11-27,"infections",NA,"forecast",0.519324938671896,1.97008944585932,6.82390737700956,0.00987659188802355,0.147232581702291,0.341721546983072,0.849556065291126,1.62312345945773,7.10440182237551
2020-11-28,"infections",NA,"forecast",0.439924261222999,2.25121827330417,12.2436412764691,0.00665313354241451,0.116171196482774,0.27663875690621,0.709737024175689,1.43400639200367,6.94831619532648
2020-11-29,"infections",NA,"forecast",0.362806424125533,2.93725085666388,25.0224308874229,0.00493983219283789,0.0894151927304385,0.227440845639574,0.61723203159283,1.25700986321676,6.97540075954553
2020-09-19,"prior_infections",NA,"estimate",14.5714285714286,14.5714285714286,NA,14.5714285714286,14.5714285714286,14.5714285714286,14.5714285714286,14.5714285714286,14.5714285714286
2020-09-20,"prior_infections",NA,"estimate",28.2857142857143,28.2857142857143,NA,28.2857142857143,28.2857142857143,28.2857142857143,28.2857142857143,28.2857142857143,28.2857142857143
2020-09-21,"prior_infections",NA,"estimate",38.4285714285714,38.4285714285714,NA,38.4285714285714,38.4285714285714,38.4285714285714,38.4285714285714,38.4285714285714,38.4285714285714
2020-09-22,"prior_infections",NA,"estimate",46.5714285714286,46.5714285714286,NA,46.5714285714286,46.5714285714286,46.5714285714286,46.5714285714286,46.5714285714286,46.5714285714286
2020-09-23,"prior_infections",NA,"estimate",57.8571428571429,57.8571428571429,NA,57.8571428571429,57.8571428571429,57.8571428571429,57.8571428571429,57.8571428571429,57.8571428571429
2020-09-24,"prior_infections",NA,"estimate",68.8571428571429,68.8571428571429,NA,68.8571428571429,68.8571428571429,68.8571428571429,68.8571428571429,68.8571428571429,68.8571428571429
2020-09-25,"prior_infections",NA,"estimate",83.4285714285714,83.4285714285714,NA,83.4285714285714,83.4285714285714,83.4285714285714,83.4285714285714,83.4285714285714,83.4285714285714
2020-09-26,"prior_infections",NA,"estimate",80.2857142857143,80.2857142857143,NA,80.2857142857143,80.2857142857143,80.2857142857143,80.2857142857143,80.2857142857143,80.2857142857143
2020-09-27,"prior_infections",NA,"estimate",78.8571428571429,78.8571428571429,NA,78.8571428571429,78.8571428571429,78.8571428571429,78.8571428571429,78.8571428571429,78.8571428571429
2020-09-28,"prior_infections",NA,"estimate",78,78,NA,78,78,78,78,78,78
2020-09-29,"prior_infections",NA,"estimate",79.4285714285714,79.4285714285714,NA,79.4285714285714,79.4285714285714,79.4285714285714,79.4285714285714,79.4285714285714,79.4285714285714
2020-09-30,"prior_infections",NA,"estimate",76.8571428571429,76.8571428571429,NA,76.8571428571429,76.8571428571429,76.8571428571429,76.8571428571429,76.8571428571429,76.8571428571429
2020-10-01,"prior_infections",NA,"estimate",78.1428571428571,78.1428571428571,NA,78.1428571428571,78.1428571428571,78.1428571428571,78.1428571428571,78.1428571428571,78.1428571428571
2020-10-02,"prior_infections",NA,"estimate",73,73,NA,73,73,73,73,73,73
2020-10-03,"prior_infections",NA,"estimate",73.8571428571429,73.8571428571429,NA,73.8571428571429,73.8571428571429,73.8571428571429,73.8571428571429,73.8571428571429,73.8571428571429
2020-10-04,"prior_infections",NA,"estimate",72.1428571428571,72.1428571428571,NA,72.1428571428571,72.1428571428571,72.1428571428571,72.1428571428571,72.1428571428571,72.1428571428571
2020-10-05,"prior_infections",NA,"estimate",69.1428571428571,69.1428571428571,NA,69.1428571428571,69.1428571428571,69.1428571428571,69.1428571428571,69.1428571428571,69.1428571428571
2020-10-06,"prior_infections",NA,"estimate",67.7142857142857,67.7142857142857,NA,67.7142857142857,67.7142857142857,67.7142857142857,67.7142857142857,67.7142857142857,67.7142857142857
2020-10-07,"prior_infections",NA,"estimate",68.1428571428571,68.1428571428571,NA,68.1428571428571,68.1428571428571,68.1428571428571,68.1428571428571,68.1428571428571,68.1428571428571
2020-10-08,"prior_infections",NA,"estimate",67,67,NA,67,67,67,67,67,67
2020-10-09,"prior_infections",NA,"estimate",70.2857142857143,70.2857142857143,NA,70.2857142857143,70.2857142857143,70.2857142857143,70.2857142857143,70.2857142857143,70.2857142857143
2020-10-10,"prior_infections",NA,"estimate",67.4285714285714,67.4285714285714,NA,67.4285714285714,67.4285714285714,67.4285714285714,67.4285714285714,67.4285714285714,67.4285714285714
2020-10-11,"prior_infections",NA,"estimate",68.4285714285714,68.4285714285714,NA,68.4285714285714,68.4285714285714,68.4285714285714,68.4285714285714,68.4285714285714,68.4285714285714
2020-10-12,"prior_infections",NA,"estimate",71.4285714285714,71.4285714285714,NA,71.4285714285714,71.4285714285714,71.4285714285714,71.4285714285714,71.4285714285714,71.4285714285714
2020-10-13,"prior_infections",NA,"estimate",73.2857142857143,73.2857142857143,NA,73.2857142857143,73.2857142857143,73.2857142857143,73.2857142857143,73.2857142857143,73.2857142857143
2020-10-14,"prior_infections",NA,"estimate",74.4285714285714,74.4285714285714,NA,74.4285714285714,74.4285714285714,74.4285714285714,74.4285714285714,74.4285714285714,74.4285714285714
2020-10-15,"prior_infections",NA,"estimate",74.1428571428571,74.1428571428571,NA,74.1428571428571,74.1428571428571,74.1428571428571,74.1428571428571,74.1428571428571,74.1428571428571
2020-10-16,"prior_infections",NA,"estimate",77.8571428571429,77.8571428571429,NA,77.8571428571429,77.8571428571429,77.8571428571429,77.8571428571429,77.8571428571429,77.8571428571429
2020-10-17,"prior_infections",NA,"estimate",77.5714285714286,77.5714285714286,NA,77.5714285714286,77.5714285714286,77.5714285714286,77.5714285714286,77.5714285714286,77.5714285714286
2020-10-18,"prior_infections",NA,"estimate",73.1428571428571,73.1428571428571,NA,73.1428571428571,73.1428571428571,73.1428571428571,73.1428571428571,73.1428571428571,73.1428571428571
2020-10-19,"prior_infections",NA,"estimate",69.2857142857143,69.2857142857143,NA,69.2857142857143,69.2857142857143,69.2857142857143,69.2857142857143,69.2857142857143,69.2857142857143
2020-10-20,"prior_infections",NA,"estimate",66.2857142857143,66.2857142857143,NA,66.2857142857143,66.2857142857143,66.2857142857143,66.2857142857143,66.2857142857143,66.2857142857143
2020-10-21,"prior_infections",NA,"estimate",64.8571428571429,64.8571428571429,NA,64.8571428571429,64.8571428571429,64.8571428571429,64.8571428571429,64.8571428571429,64.8571428571429
2020-10-22,"prior_infections",NA,"estimate",64.5714285714286,64.5714285714286,NA,64.5714285714286,64.5714285714286,64.5714285714286,64.5714285714286,64.5714285714286,64.5714285714286
2020-10-23,"prior_infections",NA,"estimate",57.2857142857143,57.2857142857143,NA,57.2857142857143,57.2857142857143,57.2857142857143,57.2857142857143,57.2857142857143,57.2857142857143
2020-10-24,"prior_infections",NA,"estimate",54.7142857142857,54.7142857142857,NA,54.7142857142857,54.7142857142857,54.7142857142857,54.7142857142857,54.7142857142857,54.7142857142857
2020-10-25,"prior_infections",NA,"estimate",58.1428571428571,58.1428571428571,NA,58.1428571428571,58.1428571428571,58.1428571428571,58.1428571428571,58.1428571428571,58.1428571428571
2020-10-26,"prior_infections",NA,"estimate",57.7142857142857,57.7142857142857,NA,57.7142857142857,57.7142857142857,57.7142857142857,57.7142857142857,57.7142857142857,57.7142857142857
2020-10-27,"prior_infections",NA,"estimate",56,56,NA,56,56,56,56,56,56
2020-10-28,"prior_infections",NA,"estimate",56.8571428571429,56.8571428571429,NA,56.8571428571429,56.8571428571429,56.8571428571429,56.8571428571429,56.8571428571429,56.8571428571429
2020-10-29,"prior_infections",NA,"estimate",56,56,NA,56,56,56,56,56,56
2020-10-30,"prior_infections",NA,"estimate",55,55,NA,55,55,55,55,55,55
2020-10-31,"prior_infections",NA,"estimate",54.4285714285714,54.4285714285714,NA,54.4285714285714,54.4285714285714,54.4285714285714,54.4285714285714,54.4285714285714,54.4285714285714
2020-11-01,"prior_infections",NA,"estimate",49.1428571428571,49.1428571428571,NA,49.1428571428571,49.1428571428571,49.1428571428571,49.1428571428571,49.1428571428571,49.1428571428571
2020-11-02,"prior_infections",NA,"estimate",47,47,NA,47,47,47,47,47,47
2020-11-03,"prior_infections",NA,"estimate",45.5714285714286,45.5714285714286,NA,45.5714285714286,45.5714285714286,45.5714285714286,45.5714285714286,45.5714285714286,45.5714285714286
2020-11-04,"prior_infections",NA,"estimate",41.8571428571429,41.8571428571429,NA,41.8571428571429,41.8571428571429,41.8571428571429,41.8571428571429,41.8571428571429,41.8571428571429
2020-11-05,"prior_infections",NA,"estimate",36.5714285714286,36.5714285714286,NA,36.5714285714286,36.5714285714286,36.5714285714286,36.5714285714286,36.5714285714286,36.5714285714286
2020-11-06,"prior_infections",NA,"estimate",32.4285714285714,32.4285714285714,NA,32.4285714285714,32.4285714285714,32.4285714285714,32.4285714285714,32.4285714285714,32.4285714285714
2020-11-07,"prior_infections",NA,"estimate",29,29,NA,29,29,29,29,29,29
2020-11-08,"prior_infections",NA,"estimate",26.4285714285714,26.4285714285714,NA,26.4285714285714,26.4285714285714,26.4285714285714,26.4285714285714,26.4285714285714,26.4285714285714
2020-11-09,"prior_infections",NA,"estimate",24.2857142857143,24.2857142857143,NA,24.2857142857143,24.2857142857143,24.2857142857143,24.2857142857143,24.2857142857143,24.2857142857143
2020-11-10,"prior_infections",NA,"estimate",20.5714285714286,20.5714285714286,NA,20.5714285714286,20.5714285714286,20.5714285714286,20.5714285714286,20.5714285714286,20.5714285714286
2020-11-11,"prior_infections",NA,"estimate based on partial data",20.9718875414765,20.9718875414765,NA,20.9718875414765,20.9718875414765,20.9718875414765,20.9718875414765,20.9718875414765,20.9718875414765
2020-11-12,"prior_infections",NA,"estimate based on partial data",18.7374582120792,18.7374582120792,NA,18.7374582120792,18.7374582120792,18.7374582120792,18.7374582120792,18.7374582120792,18.7374582120792
2020-11-13,"prior_infections",NA,"estimate based on partial data",16.7410939790256,16.7410939790256,NA,16.7410939790256,16.7410939790256,16.7410939790256,16.7410939790256,16.7410939790256,16.7410939790256
2020-11-14,"prior_infections",NA,"estimate based on partial data",14.9574304285249,14.9574304285249,NA,14.9574304285249,14.9574304285249,14.9574304285249,14.9574304285249,14.9574304285249,14.9574304285249
2020-11-15,"prior_infections",NA,"estimate based on partial data",13.3638055735461,13.3638055735461,NA,13.3638055735461,13.3638055735461,13.3638055735461,13.3638055735461,13.3638055735461,13.3638055735461
2020-11-16,"prior_infections",NA,"estimate based on partial data",11.9399719263916,11.9399719263916,NA,11.9399719263916,11.9399719263916,11.9399719263916,11.9399719263916,11.9399719263916,11.9399719263916
2020-11-17,"prior_infections",NA,"estimate based on partial data",10.6678392482173,10.6678392482173,NA,10.6678392482173,10.6678392482173,10.6678392482173,10.6678392482173,10.6678392482173,10.6678392482173
2020-11-18,"prior_infections",NA,"estimate based on partial data",9.53124470705493,9.53124470705493,NA,9.53124470705493,9.53124470705493,9.53124470705493,9.53124470705493,9.53124470705493,9.53124470705493
2020-11-19,"prior_infections",NA,"estimate based on partial data",8.51574752412435,8.51574752412435,NA,8.51574752412435,8.51574752412435,8.51574752412435,8.51574752412435,8.51574752412435,8.51574752412435
2020-11-20,"prior_infections",NA,"estimate based on partial data",7.6084454993536,7.6084454993536,NA,7.6084454993536,7.6084454993536,7.6084454993536,7.6084454993536,7.6084454993536,7.6084454993536
2020-11-21,"prior_infections",NA,"estimate based on partial data",6.79781108500943,6.79781108500943,NA,6.79781108500943,6.79781108500943,6.79781108500943,6.79781108500943,6.79781108500943,6.79781108500943
2020-11-22,"prior_infections",NA,"estimate based on partial data",6.07354492470282,6.07354492470282,NA,6.07354492470282,6.07354492470282,6.07354492470282,6.07354492470282,6.07354492470282,6.07354492470282
2020-11-23,"prior_infections",NA,"forecast",5.42644499693863,5.42644499693863,NA,5.42644499693863,5.42644499693863,5.42644499693863,5.42644499693863,5.42644499693863,5.42644499693863
2020-11-24,"prior_infections",NA,"forecast",4.84828970063823,4.84828970063823,NA,4.84828970063823,4.84828970063823,4.84828970063823,4.84828970063823,4.84828970063823,4.84828970063823
2020-11-25,"prior_infections",NA,"forecast",4.33173339720126,4.33173339720126,NA,4.33173339720126,4.33173339720126,4.33173339720126,4.33173339720126,4.33173339720126,4.33173339720126
2020-11-26,"prior_infections",NA,"forecast",3.87021308193664,3.87021308193664,NA,3.87021308193664,3.87021308193664,3.87021308193664,3.87021308193664,3.87021308193664,3.87021308193664
2020-11-27,"prior_infections",NA,"forecast",3.45786499909509,3.45786499909509,NA,3.45786499909509,3.45786499909509,3.45786499909509,3.45786499909509,3.45786499909509,3.45786499909509
2020-11-28,"prior_infections",NA,"forecast",3.08945014107176,3.08945014107176,NA,3.08945014107176,3.08945014107176,3.08945014107176,3.08945014107176,3.08945014107176,3.08945014107176
2020-11-29,"prior_infections",NA,"forecast",2.76028768522371,2.76028768522371,NA,2.76028768522371,2.76028768522371,2.76028768522371,2.76028768522371,2.76028768522371,2.76028768522371
2020-10-01,"reported_cases",NA,"estimate",48,51.53,20.5818539668494,24,37,44,54,63,90
2020-10-02,"reported_cases",NA,"estimate",56,58.565,22.553634772281,27,42.75,50,60,72,98
2020-10-03,"reported_cases",NA,"estimate",39,41.119,17.9759275970108,17,28,34,43,52,75
2020-10-04,"reported_cases",NA,"estimate",43,46.015,19.5638318976247,19.95,32,39,48,56,82
2020-10-05,"reported_cases",NA,"estimate",63.5,67.85,27.9558048896294,30,49,58,69,83,116.05
2020-10-06,"reported_cases",NA,"estimate",70,74.265,30.6653083489492,31,53,63,78,92,129.05
2020-10-07,"reported_cases",NA,"estimate",78,81.583,31.7193194477156,36,60,71,86,100.25,135
2020-10-08,"reported_cases",NA,"estimate",72,76.113,30.1453972602116,35,54,66,79.4,93,133.05
2020-10-09,"reported_cases",NA,"estimate",75,78.297,29.1502749477519,37.95,57,68,82,96.25,132
2020-10-10,"reported_cases",NA,"estimate",51,53.298,22.2139292934558,22,38,45,55,65,98
2020-10-11,"reported_cases",NA,"estimate",53,56.208,22.6589091123594,27,39,47,58,69,100.05
2020-10-12,"reported_cases",NA,"estimate",75,79.141,31.5821555874762,35.95,57,68,82,95,139.05
2020-10-13,"reported_cases",NA,"estimate",78,84.326,34.2071901192696,39,59,71,88,105,146
2020-10-14,"reported_cases",NA,"estimate",85,90.483,37.4373244805804,40,64,77,93,111,164
2020-10-15,"reported_cases",NA,"estimate",75,79.853,33.2502777728544,35,57,68,83,99,138
2020-10-16,"reported_cases",NA,"estimate",77,82.179,33.623555768278,36,59,69,85,101.25,141
2020-10-17,"reported_cases",NA,"estimate",51,53.58,22.7631228033361,21,37,46,56,67,97
2020-10-18,"reported_cases",NA,"estimate",54,58.099,24.1234977178299,25.95,42,49.6,60,70,103
2020-10-19,"reported_cases",NA,"estimate",70,75.997,32.0745657611879,34,53,64,79,94,134
2020-10-20,"reported_cases",NA,"estimate",80,84.434,33.8096544900526,38,60,71,91,106,143
2020-10-21,"reported_cases",NA,"estimate",84,89.248,35.850268307751,42,63.75,76,93,109,154.05
2020-10-22,"reported_cases",NA,"estimate",75,79.253,31.711395484961,35,57,68,82,97,139.05
2020-10-23,"reported_cases",NA,"estimate",78,81.417,33.0356241573163,36,59,69,85.4,100,140.05
2020-10-24,"reported_cases",NA,"estimate",50,52.528,22.1433408397094,22,37,44,55,64,95.05
2020-10-25,"reported_cases",NA,"estimate",53,56.112,22.2520698050903,26,41,48,58,69,97
2020-10-26,"reported_cases",NA,"estimate",71.5,74.999,31.2151146463117,32,52,63.6,79,93,132.05
2020-10-27,"reported_cases",NA,"estimate",78,82.408,34.1020892100248,36,58,70,86,101,143.05
2020-10-28,"reported_cases",NA,"estimate",81,85.814,34.5863501922307,39,61,74,89,103,155
2020-10-29,"reported_cases",NA,"estimate",72,76.576,31.7774138033294,33,54,64,80,94.25,135
2020-10-30,"reported_cases",NA,"estimate",73,77.855,32.4463671578459,35,56,67,80,95,139.05
2020-10-31,"reported_cases",NA,"estimate",46,48.75,19.71243465633,21,35,42,51,60,83.05
2020-11-01,"reported_cases",NA,"estimate",49,51.203,21.6530978764621,21,36,44,53,63,88
2020-11-02,"reported_cases",NA,"estimate",66,70.341,28.5156072854649,32,50,59,73,87.25,122
2020-11-03,"reported_cases",NA,"estimate",67,71.998,28.6849232319144,32.95,52,61,75,88,123
2020-11-04,"reported_cases",NA,"estimate",70,73.566,30.7988995942423,32,51,62,77,91,131
2020-11-05,"reported_cases",NA,"estimate",62,65.353,27.7876329244422,28,47,56,68,79,116
2020-11-06,"reported_cases",NA,"estimate",59,62.756,26.0095551857574,27.95,44,53,65,77,108
2020-11-07,"reported_cases",NA,"estimate",37,39.371,17.0495174431726,16,28,33,41,48,70.05
2020-11-08,"reported_cases",NA,"estimate",38,40.812,16.9632074327471,18.95,29,34,43,50.25,71
2020-11-09,"reported_cases",NA,"estimate",49,50.172,19.6514272915377,22,36,44,53,62,85
2020-11-10,"reported_cases",NA,"estimate",47,50.509,20.7058603214561,22.95,35,43,54,62,89
2020-11-11,"reported_cases",NA,"estimate based on partial data",48,50.364,20.7351259810364,21,36,42,52,62,88.05
2020-11-12,"reported_cases",NA,"estimate based on partial data",38,40.695,16.7952390591815,18,28.75,34,43,51,72
2020-11-13,"reported_cases",NA,"estimate based on partial data",36,39.007,16.0123498071441,17,28,33,41,48,69
2020-11-14,"reported_cases",NA,"estimate based on partial data",22,24.098,10.80245754859,10,16,20,25,30,44
2020-11-15,"reported_cases",NA,"estimate based on partial data",21,22.221,10.0639675298782,8,15,19,24,28,39
2020-11-16,"reported_cases",NA,"estimate based on partial data",26,27.793,11.4502952040661,11,20,24,29,34,49
2020-11-17,"reported_cases",NA,"estimate based on partial data",25,26.728,12.1707906129448,11,18,22,28,34,47
2020-11-18,"reported_cases",NA,"estimate based on partial data",24,25.396,11.0610818427282,10,17,21,27,32,45
2020-11-19,"reported_cases",NA,"estimate based on partial data",19,20.736,9.79521568166063,8,14,17,22,26,39.05
2020-11-20,"reported_cases",NA,"estimate based on partial data",17,18.507,8.41181964319907,7,12,16,19,23,33
2020-11-21,"reported_cases",NA,"estimate based on partial data",10,11.2,5.64994884241636,3,7,9,12,14,21
2020-11-22,"reported_cases",NA,"estimate based on partial data",10,10.522,5.61471647022724,3,7,8,11,13.25,20
2020-11-23,"reported_cases",NA,"forecast",11,12.471,7.07383900001959,4,7,10,13,16,26
2020-11-24,"reported_cases",NA,"forecast",11,12.133,6.6422458875316,4,7,9,12,16,25
2020-11-25,"reported_cases",NA,"forecast",10,11.141,6.21946949512583,3,7,9,11,14,23
2020-11-26,"reported_cases",NA,"forecast",8,9.217,6.02263922073896,2,5,7,9,12,20
2020-11-27,"reported_cases",NA,"forecast",7,8.092,5.10721250973754,2,5,6,8,11,17
2020-11-28,"reported_cases",NA,"forecast",4,4.858,3.61287820011814,1,2,3,5,6,11
2020-11-29,"reported_cases",NA,"forecast",4,4.456,3.47334537990798,0,2,3,4.39999999999998,6,10
